Hash,Filename,Message,LLM Inference (fix type)
48d71b95f22ab9141e28c711fc644cde2a69a809,NostalgiaForInfinityNext.py,Sell with loss (stoploss),update nostalgia for infinity next
1a6ca63d2fb1da07ff4b982c2baa44f9fb60ee3f,NostalgiaForInfinityNext.py,Sell with loss (stoploss) for pumped pairs,update nostalgia for infinity next
22bbed468cd727d6c2decae0bf7b0851f4208440,NostalgiaForInfinityNext.py,signal_stoploss_u_b_1 lower threshold,update nostalgiaforinfinitynext.py
a0d92719c3ca0617cc1b0a51ff0b3d3a36954b1b,NostalgiaForInfinityNext.py,Lower target CMF for signal_stoploss_u_1,update nostalgiaforinfinitynext.py
c961c8be621d831313fbdd77a662ccf04bc1db5c,NostalgiaForInfinityNext.py,Fix path to hold config file. Don't load hold config file on every loop.,update hold_trades.py
0ff33dfc7a525cfd5de20e49864b06aa43a9cfc6,NostalgiaForInfinityNext.py,Cosmetic change to log message,update hold_trades.py
5a3434acf77fcdc3b1707041958874ae7368c94b,NostalgiaForInfinityNext.py,fix: add missing buy_dump_protection_60_5,update nostalgiaforinfinitynext.py
f1d5e67e6cf9a137b4982fb07fc16574cb32eff7,NostalgiaForInfinityNext.py,Fix typo,fix typo in nodalgiaforinfinitynext
03b30966a9332a852efc6df6c2ce78c3c922932b,NostalgiaForInfinityNext.py,Increase the max for signal_stoploss_u_b_1,update nostalgiaforinfinitynext.py
9d8027e6b7dd16d7da8c563f4c0b7d3c58d11ca9,NostalgiaForInfinityNext.py,signal_stoploss_u_b_1: add Elder Ray Index check,add nostalgia for infinity next
f0e880ec786cf08e38fdc32474baec3d821cee4f,NostalgiaForInfinityNext.py,"New sell signal_stoploss_u_b_2: BTC downtrend,pair negative,  Elder Ray Index check, CTI",add nostalgia for infinity next
58275417023204fa623e3e7ad4d6bc4a3e88af6f,NostalgiaForInfinityNext.py,signal_stoploss_u_b_1: test for max loss,update nostalgiaforinfinitynext.py
47c21316bd41f39a0a0d65b0164adf1473570565,NostalgiaForInfinityNext.py,signal_stoploss_l_r_u_1: increase recover threshold,update nostalgiaforinfinitynext
516ec0313d6fb307643dfaae628e3448970c348d,NostalgiaForInfinityNext.py,"signal_stoploss_u_b_1: checks for CTI & %R, plus fine tune",update nostalgia_forinfinitynext.py
c5150153e8506608fdf54b14272fc406231194a9,NostalgiaForInfinityNext.py,"signal_stoploss_u_b_2: checks for %R, plus fine tune",update nostalgia_forinfinitynext.py
ff0d792f3573983e0f903f52ef71f0dfad510a61,NostalgiaForInfinityNext.py,Cosmetic change so log messages look similar,update nostalgiaforinfinitynext.py
eaa9b7c4d683006c18264bfc5c78326eb1fc274c,NostalgiaForInfinityNext.py,Typo and logic fix,update nodalgiaforinfinitynext.py
47a7c8231f865c169958e0333723dd10caf4996d,NostalgiaForInfinityNext.py,Sell signal 1: break into over & under EMA200,update nostalgiaforinfinitynext
5508596c3463a4ce488f71593aade2eb6b6cdcb6,NostalgiaForInfinityNext.py,Use symlink intead of file path for hold-trades.  Change Path().resolve() to Path().absolute() to use the path of the symlink. This permit to put `hold-trades.json` next to a symlink of the strategy instead of next to file pointed by the symlink.,fix nostalgiaforinfinitynext
e52e347e7cd2ebfe567039c224848e102815dbb2,NostalgiaForInfinityNext.py,Also try `resolve()`'ed path. Log that `hold-trades.json` was not found,fix nostalgiaforinfinitynext
4b45c3462cef77ed7bf9eff767f7799eb7513dfa,NostalgiaForInfinityNext.py,Fix errors.,improve trades.py
920aae11669b14d3bc44196e917be40f4964532e,NostalgiaForInfinityNext.py,Change the hardcoded value to startup_candle_count,fix nostalgiaforinfinitynext
3b77760626cde95ece5d8b2ac556449b5ec2e4a0,NostalgiaForInfinityNext.py,Some minor changes to help with unit testing,update nostalgiaforinfinitynext.py
90f5ee70ecac6feae78eeaec5dcf1c3f027cef73,.gitmodules,The exchange data now comes from https://github.com/iterativv/NostalgiaForInfinityData,update nostalgiaforinfinitydata.rb
90f5ee70ecac6feae78eeaec5dcf1c3f027cef73,README.md,The exchange data now comes from https://github.com/iterativv/NostalgiaForInfinityData,update nostalgiaforinfinitydata
90f5ee70ecac6feae78eeaec5dcf1c3f027cef73,docker-compose.yml,The exchange data now comes from https://github.com/iterativv/NostalgiaForInfinityData,add missing services
90f5ee70ecac6feae78eeaec5dcf1c3f027cef73,tests\backtests\binance\conftest.py,The exchange data now comes from https://github.com/iterativv/NostalgiaForInfinityData,fix failing test
90f5ee70ecac6feae78eeaec5dcf1c3f027cef73,tests\backtests\helpers.py,The exchange data now comes from https://github.com/iterativv/NostalgiaForInfinityData,update backtest.py
90f5ee70ecac6feae78eeaec5dcf1c3f027cef73,user_data\backtesting-binance.env,The exchange data now comes from https://github.com/iterativv/NostalgiaForInfinityData,update nostalgiaforinfinitydata.js
90f5ee70ecac6feae78eeaec5dcf1c3f027cef73,user_data\backtesting-kucoin.env,The exchange data now comes from https://github.com/iterativv/NostalgiaForInfinityData,update exchange_data.rb
90f5ee70ecac6feae78eeaec5dcf1c3f027cef73,user_data\binance-usdt-static.json,The exchange data now comes from https://github.com/iterativv/NostalgiaForInfinityData,add test for nostalgia
90f5ee70ecac6feae78eeaec5dcf1c3f027cef73,user_data\kucoin-usdt-static.json,The exchange data now comes from https://github.com/iterativv/NostalgiaForInfinityData,update kucoin.js
90f5ee70ecac6feae78eeaec5dcf1c3f027cef73,user_data\pairlists.json,The exchange data now comes from https://github.com/iterativv/NostalgiaForInfinityData,update exchange.rb
e3db643134ce3bbdbcc88927901b70c01911c1b5,tests\backtests\helpers.py,Change the returned result data format,update backtest.rb
d42ef338fb3849b50d0860b5e69a294eec124774,tests\backtests\binance\conftest.py,Data format changed,update binance_test.py
d42ef338fb3849b50d0860b5e69a294eec124774,tests\backtests\kucoin\conftest.py,Data format changed,update kucoin_test.py
2cbc142e40d0b4fe264d95aaa2a05091bc52c8a6,NostalgiaForInfinityNext.py,Cosmetic update for buy condtion tags. Change values to bool.,add more conditions to the nost algorithm
462007aae015ebedc28b505aa455437684636c0a,tests\unit\test_ho_to_raw_codemod.py,style: address linter issues,improve code tests
d1d23f62ec0f84a55efed15c43e33666d92bca95,tests\unit\test_ho_to_raw_codemod.py,style: address linter issues,fix tests
4561d574ceffc5404e63c597d0cce40fe6e1aef9,NostalgiaForInfinityNext.py,Add Emulated Backtest AgeFilter logic. Update exchange downtime protection (data validity).,update nostalgiaforinfinitynext.py
6f49688888f4a22a52e3a08f1827ac735128132d,codemods\ho_to_raw_codemod.py,fix: update regex,update diff.py
2117b721118a5d1b09c94b3e31a5cbd5879b5a43,tests\unit\test_ho_to_raw_codemod.py,test: add test case to check for syntax errors,add test for transform code syntax error
6f38ebfbb81fd2109da72051602246a2cf1e7534,tests\unit\test_ho_to_raw_codemod.py,style: address linter issues,fix lint error
d5472967c4ffadd2c618f76719bdf7c535969e57,codemods\ho_to_raw_codemod.py,fix: replace simple references,fix hyperopt transform script
4caa01cc36361dde973c5ddd24665f934e3997b6,tests\unit\test_ho_to_raw_codemod.py,test: fix test case,fix diff test
cb6f10c7c49e4d6a7226ab91547be044856570d2,NostalgiaForInfinityNext.py,perf: cache property to avoid expensive calculation every time,add nostalgiaforinfinitynext
c3e02dab5d4225b3bd0f2022056a5cb1330df6bf,NostalgiaForInfinityNext.py,ATR based stoplosses replace all previous stoplosses.,update nostalgorithms.py
d4ec20ceae5a6313a47b00ff3e610bca7a4342d6,NostalgiaForInfinityNext.py,ATR based stoplosses: fine tune.,update nostalgia_next.py
56e27f43bddd11417bbfbf2d4448e73017d2afe2,NostalgiaForInfinityNext.py,Fine tune ATR based stoploss.,update stoploss_atr.py
1b48a37c7fc308981ac0a9b5924d49f82be91ac8,NostalgiaForInfinityNext.py,Rework the ATR based stoplosses.,update nostalgiaforinfinitynext.py
5ca2c1ef21429f3bcef4ecf74e52d5ccbe226c59,.github\workflows\scripts\comment-ci-results.py,"The body of the comment is too big now, split into one comment per exchange",fix linting issues
83b427c30a621c81529ecad41e735959e43f6c52,NostalgiaForInfinityNext.py,Fix EOF,add newline at the end of file
09b6f01c895bea67a2f1e8c0ca2a1fd174959f7d,NostalgiaForInfinityNext.py,HO params removed for buy_protection_params - update fix whitespaces  HO params removed for buy_protection_params - update fix whitespaces,update nostalgorithms.py
e1eabb98bcd3af7b4a0943bf9aef1421ffec3c56,NostalgiaForInfinityNext.py,fix: missing .value for bt_agefilter_ok,update nostalgiaforinfinitynext.py
99d28b591c17000a617ef79a35de515a71010b59,codemods\ho_to_raw_codemod.py,Fix whitespace.,fix whitespace issue
467d4a99ef8f3c20abda97627aecc18402f82996,NostalgiaForInfinityNext.py,sell_quick_mode: decrease the target for ATR stoploss.,fix spell quick mode for infinity next
492af34dee5abeacfe887fd603cd81b78a340115,NostalgiaForInfinityNext.py,Fix.,fix typo in nostalgiaforinfinitynext
03f3a1c5da71e1249e2de270d8ff0fbaaa375723,NostalgiaForInfinityNext.py,change default to False,update profit_profit.py
ca2f518039e114524a671aebd5e851a76123e833,NostalgiaForInfinityNext.py,change not custom_info,update nodalgiaforinfinitynext.py
a43bc9d576d9be21726064f2dbbc73b874223854,.github\workflows\scripts\comment-ci-results.py,Fix `.startswith()` not expecting a `set`,fix comment handling for github actions bot
93ccf81e95caf7fa8a497ddcd410c41f1508528e,NostalgiaForInfinityNext.py,fix test,fix tests
718d2847ac0a13cc1cc8314867c787b036159d23,NostalgiaForInfinityNext.py,added try/except for pandas_ta import error,add missing import warning
437a2b58b4a9d32cdf5f2c2fe11606e3912401b7,NostalgiaForInfinityNext.py,changed log type to error,improve error message when important fails
c41bed2b5bc41ecd9ef62c4e9ddfaae51a819660,NostalgiaForInfinityNext.py,Re-add buy_tag subplot. Fix formatting,update nostalgia for infinity
fe8e1a143587aaf16241bd199010a3ef59986871,NostalgiaForInfinityNext.py,Fix force_sell when no cache,fix semantic algia for infinity next
aa6f9d00a3ebd975229786e2bc1377c6246f87ab,NostalgiaForInfinityNext.py,Fix typo,update nodalgiaforinfinitynext.py
6014e483e44e4845d1f15396cdfdedbec419e2f3,NostalgiaForInfinityNext.py,Fix dictionary changed during iteration error,update cache.py
d739598060510af02a55226620dff36dd06762f0,.github\workflows\scripts\comment-ci-results.py,fix: duplicate ci comments,fix comment deletion
b5fe5a80c8e800067ce76e7f366f4102aa04abb7,tests\unit\test_ho_to_raw_codemod.py,fix: reorganize the imports to correct the unit tests,fix typo in test
b151b3172a3116ffe0d3913f580d3e9ce640461f,NostalgiaForInfinityNext.py,Fix typo.,fix typo in pmax
17f08e77ec5fb1a1f841bd9fac661ad0d643cffb,NostalgiaForInfinityNext.py,sell_stoploss: rework.,fix nostalgiaforinfinitynext
e320038aa2e3e7633e7de439ab93fda0b27a4a19,NostalgiaForInfinityNext.py,sell_stoploss: rework.,update nostalgiaforinfinitynext.py
1df5cd1131758d50a903b826fbf32c483c102665,NostalgiaForInfinityNext.py,sell_stoploss: rework.,update nostalgiaforinfinitynext.py
44f8a713f1d629d1d6f6d6dc66add3285d68d30f,NostalgiaForInfinityNext.py,F-strings format fix  F-strings format fix update,update nostalgiaforinfinitynext.py
6942fe07f88d211a2e0eb5167841b3308dc05e84,NostalgiaForInfinityNext.py,Fix logical bug when both ``trad_ids`` and ``trade_pairs`` are defined,fix oscillator
697180e31a3cf7f0da9756266ceeb689297c12b9,NostalgiaForInfinityNext.py,Another logical fix,update trades.py
82872531559ee74904e70c5a01195440ecc33559,NostalgiaForInfinityNext.py,Set fixed stoploss to 50%.,set fixed stoploss to 50%
5c9772fdfcabeee786e8551dd988677e1ff687e8,tests\backtests\test_winrate_and_drawdown.py,Fix. Add range to test also.,update timerange_fmt.py
6fc1b13e707ba076f04269a2f64e88832e2188fd,tests\backtests\test_winrate_and_drawdown.py,Fix. Add deviation for Binance August.,update deviations.py
cf4c23f94e941fb958e75da94bb00e4436c5d202,NostalgiaForInfinityNext.py,Fix. Typo in pivot protection,fix nostalgiaforinfinitynext
a5555bccf4db31db3e4e8a2d21f92b7c4d8457b8,NostalgiaForInfinityNext.py,add Binance stoploss_on_exchange params,update nodalgiaforinfinitynext.py
2c058dec011ac4b143885224432a21d7ab606bbd,NostalgiaForInfinityNext.py,add Binance stoploss_on_exchange params,nostalgiaforinfinitynext
bf261128695ecfda3eec35fe32c7427f0ac749f5,NostalgiaForInfinityNext.py,sell_stoploss_extra: Stoploss for specified buy tags only.,update nostalgiaforinfinitynext.py
b11c706ce740e9eb0d2bcc54c19fc44b7a88c593,NostalgiaForInfinityNext.py,sell_stoploss: rename & enable per buy conditions basis.,update profit_sell.py
72432b7a5f8ccf13101e4dfd4a08563868436962,NostalgiaForInfinityNext.py,sell_stoploss_extra: rework.,update nostalgiaforinfinitynext.py
ebbba24c3c9e50fec5b233f24406d153a6a8f64c,NostalgiaForInfinityNext.py,Fix deubg message,update nostalgiaforinfinitynext.py
b7e5ab166c9d106a48ca65524ffdaa4b4884d97f,NostalgiaForInfinityNext.py,Allow empty buy tags to use the stoplosses.,allow empty stoplosses for infinity next
b64c28be17fad98cc2a7f6b23177570f6cf329e7,NostalgiaForInfinityNext.py,sell_stoploss_extra: rework.,update nostalgiaforinfinitynext.py
12581974aa3c7121fc9815e206ad6ece2812c214,NostalgiaForInfinityNext.py,sell_stoploss_extra: rework.,update sell_stoploss_extra.py
80840323e94d3c89cd81e26d79b741a0e3fcb7a2,NostalgiaForInfinityNext.py,Add all quick mode buy signals to extra stoploss.,update nostalgiaforinfinitynext.py
7e09f2b3178edba091be09bcaf3a0c0f21411c44,NostalgiaForInfinityNext.py,Change signal sell names to properly match with context.,update signal_profit.py
8139b460794c3f999b1d1317c82e747d2657e3e7,NostalgiaForInfinityNext.py,Fix for level 20,update semantic_determinism.py
52c8d925728c6a43c83ec63339fadbac8aaeabdf,NostalgiaForInfinityNext.py,Fix for level 60,update nostalgiaforinfinitynext
7fa969c3f957335861f98c780534ef26be963184,NostalgiaForInfinityNext.py,Fix for level 50,update nostalgiaforinfinitynext
8a1777cd7122d546bfe876f9713ad7351a9444ab,NostalgiaForInfinityNext.py,Remove ATR stoploss & rename sell_stoploss_extra to sell_stoploss.,update nostalgorithms.py
5db41f03720c2dbb8b673d070b21bdddb4b4e821,NostalgiaForInfinityNextGen.py,sell_stoploss: rework.,update nostalgiaforinfinitynextgen.py
39daa0ebcb2c0ed1b4ee9536dceb48d2f8c23042,NostalgiaForInfinityNextGen.py,sell_stoploss: rework.,update nostalgiaforinfinitynextgen.py
33e63bedf31349d65f1bcea594bd267fc1f4244c,NostalgiaForInfinityNextGen.py,sell_stoploss: rework.,update nostalgiaforinfinitynextgen.py
b6c61c42c1ebec11d6b3eab9838761b471744fc0,NostalgiaForInfinityNextGen.py,sell_stoploss: rework.,update nostalgiaforinfinitynextgen.py
e23d196b30fa0d3072ab9c7879c762738a41e709,tests\backtests\test_winrate_and_drawdown.py,Add binance deviations  I want to change some buy conditions to get more good trades but it's (almost) impossible to keep the drawdown below 30%.,update binance deviations.py
6ee3c82588e85ec0d048acc1f6c47cebd128d352,NostalgiaForInfinityNext.py,sell_stoploss: switch to ATR based stoploss.,update nostalgia_next.py
7d9bbbbe9dc2746af16b204efdb8327ed16eb5f9,NostalgiaForInfinityNext.py,sell_stoploss: rework.,update nostalgiaforinfinitynext.py
8a3f2b532112f28ed2b2ec69cbebd901ff82167b,NostalgiaForInfinityNextGen.py,sell_stoploss: switch to ATR based stoploss.,update nostalgia_next_gen.py
720eec1369acfa111d45ecb0fbc3a1664e605944,NostalgiaForInfinityNext.py,operator error,update nomostalgiaforinfinitynext.py
9693d690e9afa8a14976e20c63f8ebc835156eb7,NostalgiaForInfinityNext.py,buy 25 change open and low condition,update noostalgiaforinfinitynext.py
68a19c172d20eaae0ffefb821b33510992453997,NostalgiaForInfinityNextGen.py,sell_stoploss: rework.,update nostalgia_next_gen.py
bc4fba5f7c3c59b094934e2a4ec68979a115db48,NostalgiaForInfinityNext.py,stoploss from ng,update nostalgia for infinity next
f96df9b81f25c092997748e629a4291fff9b0180,NostalgiaForInfinityNext.py,slightly modified stoploss from ng,update nostalgia_forinfinitynext.py
93ad224ee1c33713f6bbfe246d8f31224aba2220,NostalgiaForInfinityNext.py,ng stoploss to nfi,update nostalgiaforinfinitynext.py
ad831beb5e296945dba30a10cd63b8b4618c0e10,NostalgiaForInfinityNextGen.py,sell_stoploss: rework.,update nostalgia for infinity next gen
0b2f4ef6fe148f3d2cded8f391e69074afce8dcd,NostalgiaForInfinityNextGen.py,sell_stoploss: rework.,add nostalgia for infinity next gen
eb682f43baec7c76cb78b6bc959f77dae6fc45f7,NostalgiaForInfinityNextGen.py,sell_stoploss: rework.,update nostalgia for infinity next gen
92dd480c71aa2bed1450197246abb8551636c023,NostalgiaForInfinityNext.py,sell_stoploss: rework.,update nostalgia for infinity next
19402692c7517146bf655743c38cb5b1c9f4de3e,NostalgiaForInfinityNext.py,populate_buy_trend conditions buy logic refactor  Items and conditions buy logic refactor to avoid unnecessary calculations when any condition is disabled.,update nostalgiaforinfinitynext.py
f86f11f9328f4af8c608f025d36a9b191ab957da,NostalgiaForInfinityNext.py,refactor: resolve some IDE warning,update nostalgiaforinfinitynext.py
d2e50a5dcaf911424c35221e45bcc3e5c2af04b7,NostalgiaForInfinityNext.py,"Revert ""Merge branch 'anasyusef-refactor/buy-params'""  This reverts commit 91d8688673f09a78f7ed97782eec5104b58f0f2e, reversing changes made to c3e02dab5d4225b3bd0f2022056a5cb1330df6bf.",update nostalgiaforinfinitynext
8a320707686e8ae6aa797c519821ec0c44b075c6,NostalgiaForInfinityNext.py,sell_stoploss: rework. Remove unused indicators,update nostalgiaforinfinitynext.py
e2c0dce99edcd20bd6b24b941b8da6b047c41ff1,NostalgiaForInfinityNext.py,sell_stoploss: rework.,update nostalgiaforinfinitynext strategy
5e9390ee9bd365e9a443ffb12af379af25278226,NostalgiaForInfinityNext.py,sell_stoploss: rework.,update nostalgiaforinfinitynext strategy
0d1ef2705261635882c3db362bd7c7a2d6975dc5,NostalgiaForInfinityNextGen.py,sell_pump_stoploss: stoploss for pumped pairs.,update sell_pump_stoploss.py
12db3620912f8daaf54c0f2ab713bdee454fd60c,NostalgiaForInfinityNextGen.py,sell_stoploss: rework.,update nostalgiaforinfinitynextgen.py
edca6aa99e5698532a233e2c956025bc8738ba99,NostalgiaForInfinityNextGen.py,sell_stoploss: rework.,update nostalgiaforinfinitynextgen.py
985e323347107d2b270606fb5276491fdc99863b,NostalgiaForInfinityNextGen.py,sell_pump_stoploss: rework.,update nostalgiaforinfinitynextgen.py
48c0454dfd3591c96aff7957a27ea6aa70cf3b20,NostalgiaForInfinityNextGen.py,sell_stoploss: rework.,update nodalgiaforinfinitynextgen.py
c54b090e621bc9ad7af0bd63b707a8d58d94b8f6,NostalgiaForInfinityNextGen.py,sell_stoploss: rework.,update nostalgiaforinfinitynextgen.py
4f6f49887768703c8ffcbb239a6abb27d1a0c6fe,NostalgiaForInfinityNextGen.py,sell_stoploss: add sell_stoploss_u_e_b_4.,add nostalgiaforinfinitynextgen strategy
929898db9f487d5a5e4ba03d140e010902807b03,NostalgiaForInfinityNextGen.py,sell_stoploss: add sell_stoploss_u_e_b_5.,add nostalgiaforinfinitynextgen strategy
7ea0c3dc536f0dc95ba28f421398b5eb58eb3b52,NostalgiaForInfinityNextGen.py,sell_stoploss: rework.,update nostalgiaforinfinitynextgen
431a061f12c280b9ba05b1001c09de1e8140b478,NostalgiaForInfinityNextGen.py,sell_stoploss: add sell_stoploss_u_e_b_6.,add nostalgiaforinfinitynextgen strategy
46e784a8336c8f122d7417049afddd2480266c31,NostalgiaForInfinityNextGen.py,sell_pump_stoploss: rework.,update semantic_pump_stoploss.py
326785c5fad80c96ba4762fb666570b3beb6acae,NostalgiaForInfinityNextGen.py,sell_stoploss: rework.,update semantic_stoploss.py
1adc10e08fa30cead595086dcec00e041966a46e,NostalgiaForInfinityNextGen.py,sell_stoploss: rework.,update nodalgiaforinfinitynextgen.py
9540c5b36b1780b2c7825a28b8ef0c2aa8f095c0,NostalgiaForInfinityNextGen.py,sell_stoploss: rework.,update nostalgia_for_infinity_next_gen
66380b1e6ba84b5ec6050daf32907d9092062e76,NostalgiaForInfinityNextGen.py,sell_stoploss: rework.,update nostalgiaforinfinitynextgen
fd70e00055a75b99492ac32f2f62f3d423a4577a,NostalgiaForInfinityNext.py,sell_stoploss: rework.,update nostalgiaforinfinitynext
ec1ff68dc03383c792ee9733929200a3f046998c,NostalgiaForInfinityNextGen.py,sell_stoploss: rework.,add nostalgiaforinfinitynextgen
d9d407a31eb5e0f8e6849a57e1dbacc0d78a7758,NostalgiaForInfinityNext.py,"fix buy_tag issue  Were some errors reported, reverting this piece of code.",fix nostalgiaforinfinitynext issue
d4b968bf40667e7d8dce6b1c4da6779d4812a511,NostalgiaForInfinityNextGen.py,sell_stoploss: rework.,update nostalgiaforinfinitynextgen.py
284c9639376035bbe1ed986e4e976530af932f88,NostalgiaForInfinityNext.py,sell_stoploss: rework.,update nostalgiaforinfinitynext.py
363a05ec26ff2a7fd7f4d2cf22b8d8a9648a0214,NostalgiaForInfinityNextGen.py,sell_stoploss: rework.,update nostalgiaforinfinitynextgen.py
80f3f26907fa7d30a9d2a8fee3e46055e9337d86,NostalgiaForInfinityNext.py,sell_stoploss: rework.,update nostalgiaforinfinitynext.py
bddc80e35b8c31d4a63a42bcf75e0d51acffa4b0,NostalgiaForInfinityNext.py,sell_stoploss: rework.,update semantic_stoploss.py
6bb23bdbf28e76adf619c040d0f4c2fe4a74a7ab,NostalgiaForInfinityNextGen.py,Fix minor typo.,fix typo in nostalgiaforinfinitynextgen
c648b7a53cdaf7941b53789695fac27d86d6b752,NostalgiaForInfinityX.py,sell_stoploss: rework.,update nostalgiaforinfinityx.py
805cff230ecee8cc3527c3f031a3626333d904c2,NostalgiaForInfinityX.py,sell_stoploss: rework.,update solo_stoploss.py
03b900e3bea41358def2b6a6aba7d583c62ea326,NostalgiaForInfinityX.py,sell_pump_stoploss: stoploss for pumped pairs.,update sell_pump_stoploss.py
18338609bf1e8dd4397f0e8be15c3573b4803113,docker-compose.yml,Move tests to NFIX,fix nfix tests
18338609bf1e8dd4397f0e8be15c3573b4803113,tests\backtests\helpers.py,Move tests to NFIX,fix nfix test
78215a5389a2c4d173deec767876f18a57b2a88c,tests\unit\conftest.py,Also copy NFIX to strat dir.,update test_strat.py
54504d408e42d7d6669c49a36f8de7a5d9dade30,tests\backtests\helpers.py,Fix naming for X.,fix naming for x. diff
b75f12df2adcc18c9163c9d498c889e479959841,tests\backtests\test_winrate_and_drawdown.py,Fix test deviations.,update test_test.py
c4693155f0e21246d890b29f72f92df4067c6aa0,NostalgiaForInfinityNext.py,Removed debug df dump,update nodalgiaforinfinitynext.py
c4693155f0e21246d890b29f72f92df4067c6aa0,NostalgiaForInfinityNextGen.py,Removed debug df dump,update nodotalgiaforinfinitynextgen.py
c4693155f0e21246d890b29f72f92df4067c6aa0,NostalgiaForInfinityX.py,Removed debug df dump,update nodalgiaforinfinityx.py
192ac07d118b9516c9d9a3d4aeef557b00235325,NostalgiaForInfinityX.py,sell_stoploss: rework.,update solo_stoploss.py
572a6f15f08f3706cda6715bba6852ce4394ca9e,NostalgiaForInfinityX.py,sell_stoploss: rework.,update nostalgiaforinfinityx.py
5535bfe1dc98f8540b483679069e7cc22efa9688,NostalgiaForInfinityX.py,sell_stoploss: rework.,update nostalgiaforinfinityx.py
14343abcae877f601ecd168e054e916af323e741,NostalgiaForInfinityNext.py,"manually import dataprovider  needed to run the analyze_ticker() function in the notebook https://www.freqtrade.io/en/latest/strategy_analysis_example/#load-and-run-strategy
3a0d1cd546c8d3c47a1dea4592869dba5e5ad653,NostalgiaForInfinityX.py,sell_stoploss: rework.,update sell_stoploss.py
a22da8166173bdd51da4ecd713e74f8b1868e011,NostalgiaForInfinityX.py,Fine tune ATR stoploss thresholds.,update nostalgiaforinfinityx.py
166dc99d7226b56b570c3f658572e72eb345309f,NostalgiaForInfinityX.py,sell_stoploss: rework.,update nostalgiaforinfinityx
50ae3a8d849068a9a0a50561c157e4a69e73169b,NostalgiaForInfinityX.py,sell_stoploss: rework.,update nostalgiaforinfinityx
d5aa9927f02308c97746ebc012a51d1033123ccf,NostalgiaForInfinityX.py,sell_stoploss: rework.,update nostalgiaforinfinityx
884a2bb467ff726f8f0542bb69bba3072b4c919a,NostalgiaForInfinityNext.py,Fix DataProvider error.,fix nostalgiaforinfinitynext
33cda737a06b694b63d07daee780863fb1739202,NostalgiaForInfinityX.py,sell_stoploss: rework.,update nostalgiaforinfinityx.py
eba2aa8ec8a203ffefdd1e7030c5d0208dcbe9f1,NostalgiaForInfinityX.py,Fix signal naming.,fix nostalgiaforinfinityx
5afb1f29770623c9c1dd749853fc19882d3b5f6b,NostalgiaForInfinityX.py,sell_stoploss: rework.,update soll_stoploss.py
1edb532e2639fbbe6e697250f58555f14be03518,NostalgiaForInfinityX.py,sell_stoploss: code clean.,update nostalgiaforinfinityx.py
376fbe42eeb905602d554d5a38d1da6e05626086,NostalgiaForInfinityX.py,sell_stoploss: rework.,update nostalgiaforinfinityx.py
635fa773f787548a64e0ee7de2cecc1e3719599f,NostalgiaForInfinityX.py,sell_stoploss: rework.,update nostalgiaforinfinityx.py
e86ec29284d59079e64b4f0681cdf87bf9d11ea9,NostalgiaForInfinityX.py,sell_pump_stoploss: rework.,update semantic_pump_stoploss.py
e16b3d1262fe68c2e238c1d133e969750ea0e487,NostalgiaForInfinityX.py,sell_pump_stoploss: rework.,update semantic_pump_stoploss.py
d66d95b51fc30ef1abf435afe1dc88f5be736b18,NostalgiaForInfinityX.py,sell_stoploss: rework.,update nostalgiaforinfinityx strategy
d2a41c78a6eb1c86549f7db1ab0a732df4c968e7,NostalgiaForInfinityX.py,sell_stoploss: rework.,update nostalgiaforinfinityx.py
0e7acdf4e63b7237dce99611c53d2e7a9eb1655f,NostalgiaForInfinityX.py,sell_stoploss: rework.,update nostalgiaforinfinityx
2c506419181282c874305215338233d1ecbfc431,NostalgiaForInfinityX.py,sell_stoploss: rework.,update nostalgiaforinfinityx.py
4096ed8f1a1ad92967b888bfdf04763f3de7a499,NostalgiaForInfinityX.py,sell_stoploss: rework.,update nostalgiaforinfinityx
aeb3ac9b62940311899a535bf1c2fbd3f356278b,NostalgiaForInfinityX.py,sell_stoploss: rework.,update nostalgiaforinfinityx.py
75fb7b5fd8893212960a9f5834dd6d56e0fc6a00,NostalgiaForInfinityX.py,Fine tune stoploss thresholds.,update nodalgiaforinfinityx.py
e9067bce5afdb528ed8dcc8fd2a07cfdeff06754,NostalgiaForInfinityX.py,Don't use the FT stoploss.,fix nostalgiaforinfinityx
a68103a762d2579d8feaab7667f7113c3cfffef3,NostalgiaForInfinityX.py,Fix docs for hold trades.,update hold_trades.json
c76b86afb2921dd62f56eaeda55d3f73a1836901,NostalgiaForInfinityX.py,sell_stoploss: rework.,update nostalgiaforinfinityx strategy
a503d86b1b827609ad3a03163fac6bd0aa68035c,NostalgiaForInfinityX.py,sell_stoploss: rework.,update nostalgiaforinfinityx.py
8d0088eaf10c7bbe0e7b485c4b0b264413dc7f69,NostalgiaForInfinityX.py,sell_stoploss: rework.,update nostalgiaforinfinityx
77fe5af128adf90e713ae5acbc57094c9e6b9201,NostalgiaForInfinityX.py,sell_stoploss: rework.,update nostalgiaforinfinityx.py
c4b5ef258434945621dbbb7993081af49152e037,NostalgiaForInfinityX.py,sell_stoploss: rework.,update nostalgiaforinfinityx
0fa7cdd921697d18a8dbeb20def7365fbc6f3d13,NostalgiaForInfinityX.py,sell_stoploss: rework.,update nostalgiaforinfinityx.py
963ca1c8a98d77fc539bcaeb29862f35cdf0fbe9,NostalgiaForInfinityX.py,Fine tune stoploss thresholds.,update nodalgiaforinfinityx.py
2936edc8b2f69163faa9c0c34df7221a72a4e46f,NostalgiaForInfinityX.py,Don't use the FT stoploss.,fix nostalgiaforinfinityx
2a16a1f65aa7d9102c0ed936d9674b38374cf7d3,NostalgiaForInfinityX.py,Fix docs for hold trades.,update hold_trades.json
43da27f672bb33efc33c3767ce85f9a118287792,NostalgiaForInfinityX.py,sell_stoploss: rework.,update nostalgiaforinfinityx.py
48d587717479b241d664d93ca26c2513fdf5c9da,NostalgiaForInfinityX.py,sell_stoploss: rework.,update nostalgiaforinfinityx.py
9a471740b411fc2727f46a38b950e8b2ba97576f,NostalgiaForInfinityX.py,sell_stoploss: rework.,update nostalgia_forinfinityx.py
8e17d0ebd0746d891a64ae3dc225638f440125d4,NostalgiaForInfinityX.py,sell_stoploss: rework.,update minimal_roi.py
3d543132740e020d22a0c42cca12ea277dff4882,NostalgiaForInfinityX.py,sell_stoploss: rework.,update minimal_roi.py
8cc256c4ccf92891690c1216ce235944fb2c80ca,NostalgiaForInfinityX.py,sell_stoploss: rework.,update minimal_roi.py
04d24b1bed9aa81ebef51a0e724b14799b5f14fe,NostalgiaForInfinityX.py,sell_stoploss: rework.,update minimal_roi.py
ebb9be584e22052f87704963d84e0141b0ac231e,NostalgiaForInfinityX.py,sell_stoploss: rework.,update minimal_roi.py
1519f06a778fc1ec5f2722960b240d3f23416c59,NostalgiaForInfinityX.py,sell_stoploss: rework.,update minimal_roi.py
3c7dd521ccb10917fecb6eb8bcdd8d0b9de2d93c,NostalgiaForInfinityX.py,sell_stoploss: rework.,update minimal_roi.py
bd82357d6891a923557c5654a014daf606844fbd,NostalgiaForInfinityX.py,sell_stoploss: rework.,update minimal_roi.py
71c33f0c57f6b8a43c48c2ed7c4cde42d64cd482,NostalgiaForInfinityX.py,sell_stoploss: rework.,update minimal_roi.py
1a1f6bdb6618502510daa1f3d28da6bf4931d380,NostalgiaForInfinityX.py,sell_stoploss: rework.,update nostalgiaforinfinityx.py
ff3edd7951c54f89db3fa028aeebb9a846cb12d1,NostalgiaForInfinityX.py,sell_pump_stoploss: rework.,update minimal_roi.py
9453d172b153e5d502ef9fbad70d425a5a17f998,NostalgiaForInfinityX.py,sell_pump_stoploss: rework.,update minimal_roi.py
36e59c05ba3a1d0d06e1f0298412b828992810ff,NostalgiaForInfinityX.py,sell_pump_stoploss: rework.,update nostalgiaforinfinityx.py
580a0c24fc46d41cfa823ae0e8d49f804456b7b8,tests\backtests\test_winrate_and_drawdown.py,Fix DD deviation for Binance December,fix dictionnaries for kucoin
4e031aade65997ccf043c4659ec297b122e347a5,NostalgiaForInfinityX.py,sell_stoploss: rework.,update minimal_roi.py
606ad400c2e52ae965a13b987af28ffeb351daf9,NostalgiaForInfinityX.py,sell_stoploss: rework.,update minimal_roi.py
bbabf0b1a410ebdaa85e94dcf87d5764689f3f6e,NostalgiaForInfinityX.py,sell_stoploss: rework.,update minimal_roi.py
48ed8e5cb4890191c5e76a05d0174414b654b718,NostalgiaForInfinityX.py,sell_stoploss: rework.,update minimal_roi.py
0a43440b1a6f5ca43925865d2645a1ddcc448dd6,NostalgiaForInfinityX.py,sell_stoploss: rework.,update minimal_roi.py
4b55043866dcb3a04477b3343d9c503f7e5f8237,NostalgiaForInfinityX.py,sell_stoploss: rework.,update minimal_roi.py
be18106939ce23153b424fb5c63c3b2042b87312,NostalgiaForInfinityX.py,sell_stoploss: rework.,update nostalgiaforinfinityx.py
950e2a75eafcb7371430e971b1be2ce3fc3a7077,NostalgiaForInfinityX.py,sell_pump_stoploss: rework.,update minimal_roi.py
b8d8221396dc459acc958b12523a848ab8fb5019,NostalgiaForInfinityX.py,sell_pump_stoploss: rework.,update minimal_roi.py
de5a27c4f1d14edbbac67d1365c749416e75afd0,NostalgiaForInfinityX.py,sell_pump_stoploss: rework.,update nostalgiaforinfinityx.py
d77f8f8c876884e6784e745378d7f39f8542d7af,tests\backtests\test_winrate_and_drawdown.py,Fix DD deviation for Binance December,fix dictionnaries for kucoin
73b8a56f537ff2c4c0f09bb0d0653dfcb33be95b,NostalgiaForInfinityX.py,Remove last change.,update nostalgiaforinfinityx.py
21692dff42296e3a9f627d84fc95da1a84e4a3c7,tests\backtests\helpers.py,Fix filename for CI backtests.,update backtest.py
6dd90b5f7ecbb5c8f626dcc130503542231355ad,tests\backtests\helpers.py,Fix filename for CI backtests.,update backtest.py
8c31fe11babec57d484bb97192e61b248c8e9446,NostalgiaForInfinityX.py,Fix buy slippage message.,update minimal_roi.py
c8ec5870ef357ec487d2ac11204e936259c743da,NostalgiaForInfinityX.py,OKX links to march the recent domain name change.,add okex link to recent domain name change
c8ec5870ef357ec487d2ac11204e936259c743da,README.md,OKX links to march the recent domain name change.,add okex link to recent domain name change
3dbbd14ef82d479cdad1859b08978d532118a73b,NostalgiaForInfinityX.py,Reintroduce ATR stoploss.,update minimal_roi.py
ca9a32ff3b99b55c6501ca409040e1c6f4442865,NostalgiaForInfinityX.py,sell_stoploss: allow a short grace period before ATR stoploss activates.,update minimal_roi.py
13e4064b3d3ae0e28330653ed6030749b1fb7fe6,NostalgiaForInfinityX.py,sell_stoploss: rework.,update minimal_roi.py
c719c3263d35d9b340c455b1f7fd58f12eb57497,NostalgiaForInfinityX.py,sell_stoploss: increase the trade duration threshold check.,update minimal_roi.py
ac08c95c506ba0a6aac32333d3464d57cac5a668,NostalgiaForInfinityX.py,sell_stoploss: remove ATR. Introduce new.,update minimal_roi.py
e62ec17c21dc3440776bdb8c42130bf8d821621c,NostalgiaForInfinityX.py,sell_stoploss: rework.,update minimal_roi.py
7ee54050650d572f2f89d3676565541be4e0704e,NostalgiaForInfinityX.py,sell_stoploss: rework.,update minimal_roi.py
42c19756d6bb77483bca3b8b213a4ebfc9e49741,NostalgiaForInfinityX.py,sell_stoploss: rework.,update minimal_roi.py
8d4cad25006c5d5cdc8b20f2cb90eec8a3736966,NostalgiaForInfinityX.py,sell_stoploss: rework.,update nostalgiaforinfinityx.py
d77ac8f17dfe410a51388fe31836ee0d6fa85be0,NostalgiaForInfinityX.py,sell_stoploss: switch to ATR.,update minimal_roi.py
613fc961eb56cda5ab8a0dfa48ee47dea04bd678,NostalgiaForInfinityX.py,Stoploss: fine tune the ATR thresholds.,update nostalgiaforinfinityx.py
b3e3d4124daca030383d32de64dad6844d825ddd,NostalgiaForInfinityX.py,sell_stoploss: rework.,update minimal_roi.py
a3df837096a4dd1dcf8ee2515cb895fe80930f2e,NostalgiaForInfinityX.py,sell_stoploss: rework.,update minimal_roi.py
83c0d710370d4765eca610e5745565b1c74b9407,NostalgiaForInfinityX.py,sell_stoploss: rework.,update minimal_roi.py
d4012c429e976510427239073694c89decd254b5,NostalgiaForInfinityX.py,sell_stoploss: rework.,update minimal_roi.py
3db7a581cda2253feff9e3d459aef3f75e4f7550,NostalgiaForInfinityX.py,Allow changing of the initial stake if rebuy is enabled and a fixed stake used.,update nodalgiaforinfinityx.py
8a2031cde3e648ea19ccbce78e3155e42826010c,NostalgiaForInfinityX.py,Stoploss: fine tune the ATR thresholds.,update nostalgiaforinfinityx.py
7c2cb26fbb6de3e742372afd8d5d60527c16f6b1,NostalgiaForInfinityX.py,Fix typo.,fix typo in nostalgiaforinfinityx
c42f37e2e2d91906e6f45fa36a65a5dcdd0706ca,NostalgiaForInfinityX.py,sell_stoploss: rework.,update minimal_roi.py
6ef66c7b97251b00798b0caf7be914e0ed96e83f,NostalgiaForInfinityX.py,sell_stoploss: rework.,update minimal_roi.py
9adc1a8c036badf4533edbf31a08274f4a181a04,NostalgiaForInfinityX.py,sell_stoploss: rework.,update minimal_roi.py
09f4e0a813bd464dea15cb23593f77d3f81259b3,NostalgiaForInfinityX.py,Remove sneaky debug messages,update npostalgiaforinfinityx.py
d18d6b1d7f7b8bdf3be522ef7cfcf2778e8048cc,experimental\NostalgiaForInfinityX2.py,X2 fix EOF,update top_percent_change.py
aeb0121e6444073beaee5c13f6fc1eaef5378ab5,NostalgiaForInfinityX.py,sell_stoploss: rework.,update minimal_roi.py
3bc8fdd584fbe501bc7111d3eaa2f95cf2b65b3f,NostalgiaForInfinityX.py,sell_stoploss: rework.,update nostalgiaforinfinityx.py
73960c1866a60a12b5e618eb0a2b5783b2778253,NostalgiaForInfinityX.py,sell_stoploss: rework.,update nostalgiaforinfinityx.py
6a4c743b83a3e7e4f527d74e20c78579e7657667,NostalgiaForInfinityX.py,sell_stoploss: rework.,update rois.py
f46a84c80293d71c0646a7163cfe1cf0a6bf3da2,NostalgiaForInfinityX.py,sell_stoploss: rework.,update nostalgia_for_infinityx.py
fc2fc7a57db959390ad2f994e56632b8d06e0af2,NostalgiaForInfinityX.py,sell_stoploss: rework.,update nostalgiaforinfinityx.py
5acac33534d41892682c72da84161b0b8e4668a5,NostalgiaForInfinityX.py,sell_stoploss: rework.,update minimal_roi.py
d8dc8a2b7ba589109185335a0855f757c9f2946f,NostalgiaForInfinityX.py,sell_stoploss: rework.,update nostalgiaforinfinityx.py
dd2ea833c32be5c1b4df843d1ad812b33c888f59,NostalgiaForInfinityX.py,Stoploss: fine tune the ATR thresholds.,update minimal_roi.py
c965cf31c258245e41252926da2dc80e84dc8c8c,NostalgiaForInfinityX.py,Stoploss: fine tune the ATR thresholds.,update minimal_roi.py
b1827945d2e7d26eb1839959ebc34dcbf3dae011,NostalgiaForInfinityX.py,sell_stoploss: rework.,update rois.py
4373c0d7eb920ad841b4e80af46dac49a04af246,NostalgiaForInfinityX.py,sell_stoploss: rework.,update nostalgia_for_infinityx.py
f5538c67ed3b39e182e0965715d7ddf8e85dec4b,NostalgiaForInfinityX.py,sell_stoploss: rework.,update nostalgiaforinfinityx.py
ecdf53c6020991012debb2d81af2bf4ad8e91e93,NostalgiaForInfinityX.py,sell_stoploss: rework.,update nostalgiaforinfinityx.py
91fd77ecd6041f85fbc424fed7a99949e20da10d,tests\backtests\test_winrate_and_drawdown.py,Fix DD deviation for Kucoin January 2022 bt,update deviations.py
38842e78a78e4d31128fc0370c122179467a0fa1,NostalgiaForInfinityX.py,sell_stoploss: rework.,update minimal_roi.py
6b88554db99641e162270d472312f12436fbcb6b,NostalgiaForInfinityX.py,sell_stoploss: rework.,update minimal_roi.py
bbe0942f17c052cde234b3817a1df23348363502,NostalgiaForInfinityX.py,sell_stoploss: rework.,update minimal_roi.py
8945ae4432b70ab479f0739125c6a455743b97e0,NostalgiaForInfinityX.py,sell_stoploss: rework.,update minimal_roi.py
291c449a66ce661fdf82da21696d679e294ca459,NostalgiaForInfinityX.py,sell_stoploss: rework.,update nostalgiaforinfinityx.py
eeb0bb6be1483c1a7fb813df1ff0fc4319baa960,NostalgiaForInfinityX.py,sell_stoploss: rework.,update nostalgia_for_infinityx.py
47e5ec541b750d3b129a3484ba4d143c52cbad5c,NostalgiaForInfinityX.py,sell_stoploss: rework.,update minimal_roi.py
873e2928f199975ca011a003199da768ade218ac,NostalgiaForInfinityX.py,sell_stoploss: rework.,update minimal_roi.py
af2ea70da72cf4dcc3b15425c421a70c315cf674,NostalgiaForInfinityX.py,sell_stoploss: rework.,update minimal_roi.py
67995bf032632c743d18cb9932c605af19dd8319,NostalgiaForInfinityX.py,sell_stoploss: rework.,update minimal_roi.py
b9d4a72e19a8aa94721df9ef2ead2bdd80881d44,NostalgiaForInfinityX.py,sell_stoploss: rework.,update minimal_roi.py
7214035e1520ad8e19d70435e1e15baf964668da,NostalgiaForInfinityX.py,sell_stoploss: rework.,update minimal_roi.py
b0dd54a753d593292bea187f4d85d258b4510395,NostalgiaForInfinityX.py,sell_stoploss: rework.,update minimal_roi.py
df76a51f28bbabae0334d1e9fcce0f62585e508a,NostalgiaForInfinityX.py,sell_stoploss: rework.,update minimal_roi.py
96d1277efcb2c7f91dfbf3c288d34932c3f2f08e,NostalgiaForInfinityX.py,sell_stoploss: add stoploss doom.,update nostalgia_for_infinityx.py
75037707ff5c10731a99aec2bf197cae2089287d,NostalgiaForInfinityX.py,sell_stoploss: rework.,fix spell_stoploss_doom
290781be05c9d8631fe828d5f7ed77bdebe1c821,NostalgiaForInfinityX.py,added separate stop loss for leverage tokens,add nostalgiaforinfinityx
f1fa2086b241a603f1f0675ef5e3fe701ef9d9ac,NostalgiaForInfinityX.py,added separate stop loss for leverage tokens,add nostalgiaforinfinityx
64f3db6ec41a586cf02a55efab9a1e4b2b422392,NostalgiaForInfinityX.py,sell_stoploss: rework.,update minimal_roi.py
fe5d5d802623c73e6315cee3d09bed03691f7742,NostalgiaForInfinityX.py,sell_stoploss: rework.,update minimal_roi.py
9ef443d407311a4f855607955c9ea650d83579d6,NostalgiaForInfinityX.py,sell_stoploss: rework.,update minimal_roi.py
c1967caf4979431ba30895ec299aed9547efd568,NostalgiaForInfinityX.py,sell_stoploss: rework.,update minimal_roi.py
63d0baad125b8b364233713c14d03781f2411801,NostalgiaForInfinityX.py,sell_stoploss: rework.,update minimal_roi.py
e441ed897dfb6d81a7be1f72c678ea0a53ef2ba1,NostalgiaForInfinityX.py,sell_stoploss: rework.,update minimal_roi.py
58d91735d3d5a1ecc7bd97835b39122ae0b16ca9,NostalgiaForInfinityX.py,sell_stoploss: rework.,update minimal_roi.py
facf4f0ed0e60e814c8b0329798420b120c10d45,NostalgiaForInfinityX.py,sell_stoploss: rework.,update minimal_roi.py
d2142199cacb356d92b5f7342ab7b7b3ba08af00,NostalgiaForInfinityX.py,sell_stoploss: rework.,update minimal_roi.py
f8eee81e115bf8b7ef1919c87ad5a563d94924b1,NostalgiaForInfinityX.py,sell_stoploss: rework.,update minimal_roi.py
9d56978f027c1a08ca4eeafb4cf3c5fe0334e5d2,NostalgiaForInfinityX.py,sell_stoploss: rework.,update minimal_roi.py
e1be97868373c213801ac62aac8aefb4046ebb57,NostalgiaForInfinityX.py,sell_stoploss: rework.,update minimal_roi.py
650001ccaa16ccbc509c5a3aa9dee4041cce1eb7,NostalgiaForInfinityX.py,sell_stoploss: rework.,update nostalgiaforinfinityx.py
cc28858874a44391968eddd4ff4fe2f865e34ec7,NostalgiaForInfinityX.py,sell_stoploss: rework.,update minimal_roi.py
3b60d978fde42e10e871d4594ee326d25d861249,experimental\NostalgiaForInfinityX2.py,X2: add sell_long_bull_stoploss.,add nostalgia for infinity x2
6f869d0b82561470efba08854d915ec0762dc290,tests\backtests\test_winrate_and_drawdown.py,Fix backtest ranges.,update backtest_backtest.py
39406e2978b0813ea7e3848e42242779093b7b7e,NostalgiaForInfinityX.py,Fix S/R functions.,update nodociaforinfinityx.py
39406e2978b0813ea7e3848e42242779093b7b7e,experimental\NostalgiaForInfinityX2.py,Fix S/R functions.,fix nostalgiaforinfinityx2
9733d95ed8d80c43a3595309c099fef2df79d7e6,NostalgiaForInfinityX.py,Fix S/R function,update nodotalgiaforinfinityx.py
6cdcaf0758b2d81d031253337624cc3c5120d152,NostalgiaForInfinityX.py,Fix compile issue due to S/R change,update nostalgiaforinfinityx.py
0fc2a7183a4f4652c6349601e1922b156f3a13b3,NostalgiaForInfinityX.py,"Skip trailing_stop_loss too  if initial stoploss value not match with cuurent stoploss value, it changes to trailing. This will happen when rebuy
71cc12c93cc68295c89d9bc6c371b2c9c1e74ec0,NostalgiaForInfinityX.py,Fix parenthesis.,fix nostalgiaforinfinityx
dc998f88417930ef7e55744f08b6a25136b459f6,NostalgiaForInfinityX.py,confirm_trade_exit: allow trailing_stop_loss.,update nostalgiaforinfinityx.py
b8285248183e888e8e9841ccfe6d4953e1a9b148,NostalgiaForInfinityX.py,sell_stoploss: rework.,update nostalgiaforinfinityx.py
224f9b0add9184985f6add54112b1e7b3298992b,NostalgiaForInfinityX.py,sell_stoploss: rework.,update minimal_roi.py
c08ee31d3eaddb8675d21a469933c5333fd3cef9,NostalgiaForInfinityX.py,sell_stoploss: rework.,update minimal_roi.py
8b769002b43685a26ac37783a0afae0c192a23f0,NostalgiaForInfinityX.py,sell_stoploss: rework.,update nodalgiaforinfinityx.py
5d559d6caa28eae435a21b8757ecf39a6253426b,NostalgiaForInfinityX.py,sell_stoploss: rework.,update nostalgiaforinfinityx.py
0e5b6815e7d7cbeda1b7cbb455154a7685810aa0,NostalgiaForInfinityX.py,sell_stoploss: rework.,update nostalgiaforinfinityx.py
10fb06ee50b450bc6007f4b3917509d70fb0b00a,NostalgiaForInfinityX.py,Fix variable name.,fix typo in nodalgiaforinfinityx
3789ee428d90c0187efe2334f27a95b6180348fb,tests\unit\conftest.py,Unit tests: change SellType to ExitType.,add tests for freqtrade bot
a21a342afa9908d456229a069165b039ce6561f0,NostalgiaForInfinityX.py,sell_stoploss: rework.,update nodalgiaforinfinityx.py
7a4e8712b6467c44dcf5dc37a4149cb36f1034df,NostalgiaForInfinityX.py,sell_stoploss: rework.,update nodalgiaforinfinityx.py
e7910efc619ca1aba6d0adff494d7ee26e339ae8,NostalgiaForInfinityX.py,sell_stoploss: rework.,update minimal_roi.py
f7db1eb135151ff93ec506c65abe22e3504395f7,NostalgiaForInfinityX.py,sell_stoploss: rework.,update minimal_roi.py
6f11e468d7af7054410975f27759c05e3ab252a0,NostalgiaForInfinityX.py,Fix typo.,fix typo in nodalgiaforinfinityx
98ae531a839eb3e2e739160f0701c22717dcd1a8,NostalgiaForInfinityX.py,sell_stoploss: rework.,update minimal_roi.py
84e6a38403bf96da4bde2eb2177281de6d444e8e,NostalgiaForInfinityX.py,sell_stoploss: rework.,update nostalgiaforinfinityx.py
56d26c10f161be89fd25e10b0dee4db106d42e58,NostalgiaForInfinityX.py,sell_stoploss: rework.,update nostalgiaforinfinityx.py
78936854ca14d75c7b7a59391c4cc5bf358bd056,NostalgiaForInfinityX.py,sell_stoploss: rework.,update nostalgiaforinfinityx.py
4bc8abcebbd9cde36b9868a58e8874cbacaf07fc,NostalgiaForInfinityX.py,Fix mean volume 4 indicator.,update nodalgiaforinfinityx.py
2b57f57904e2ec44eb166a0071d7bf1551173c76,NostalgiaForInfinityX.py,sell_stoploss: rework.,update nostalgiaforinfinityx.py
9f215eff31eed34e3888d4832b8dd3dccd440c99,NostalgiaForInfinityX.py,sell_stoploss: rework.,update nostalgiaforinfinityx.py
3780cff5cfce954cbbd3e9dee1f443940dc440b5,NostalgiaForInfinityX.py,sell_stoploss: rework.,update nostalgiaforinfinityx.py
6fe278420acced5edd75e22102d4b8f4597f282e,NostalgiaForInfinityX.py,sell_stoploss: rework.,update nostalgiaforinfinityx.py
2ed94278a6a7c11857ab8fda01065e6ee6355111,NostalgiaForInfinityX.py,sell_stoploss: rework.,update nostalgiaforinfinityx.py
0ad05f87d9ba647057e2193824fb49c64316def9,NostalgiaForInfinityX.py,sell_stoploss: rework.,update nostalgiaforinfinityx.py
6877bd179ae274969d998acdd2770d0b9195881f,NostalgiaForInfinityX.py,sell_stoploss: rework.,update nostalgiaforinfinityx.py
e70d12e16250f4080285a881903fdb015d9dc0d9,NostalgiaForInfinityX.py,"sell_stoploss: add doom 3, safety net.",add doom 2 to minimal_roi
9aa1d12065ec5636a758a63ab5915198528f567f,NostalgiaForInfinityX.py,sell_stoploss: rework.,update nostalgiaforinfinityx.py
400499a2eadca6eb8b2b2de482cb20d3a32d315a,NostalgiaForInfinityX.py,sell_stoploss: rework.,update nostalgiaforinfinityx.py
3c0a7bf58322ba4133bb32da3a4f0e272aaf665a,NostalgiaForInfinityX.py,sell_stoploss: rework.,update nostalgiaforinfinityx.py
d4bc2457d73ff162b7352c5e489a6f59a12b3886,NostalgiaForInfinityX.py,sell_stoploss: remove doom 1; 2 -> 1.,update nostalgiaforinfinityx.py
2ef700dc37b6872c40113362df518cb4fd40007e,NostalgiaForInfinityX.py,sell_stoploss: rework.,update minimal_roi.py
d36c5c955df21e923b729a9d0c9bee89d2eab2f8,NostalgiaForInfinityX.py,sell_stoploss: rework.,update minimal_roi.py
ff6677d6c6a77aea48d2faa8b9e9dfaf748ac38b,NostalgiaForInfinityX.py,sell_stoploss: rework.,update minimal_roi.py
b3cbc6d5dd52be57b80c18d39c7ae02edbf86e15,NostalgiaForInfinityX.py,sell_stoploss: rework.,update minimal_roi.py
3cac1f8637e2cc27b8ca15dec350a87e24d0ee25,NostalgiaForInfinityX.py,sell_stoploss: rework.,update nodalgiaforinfinityx.py
8eb4f7823b6510d7db680bd5d22aeec0fe8bb26e,NostalgiaForInfinityX.py,sell_stoploss: rework.,update nodalgiaforinfinityx.py
6fc1811ca75a4cd947e6ad1544c3397041aeefdc,NostalgiaForInfinityX.py,sell_stoploss: rework.,update semantic_roi.py
f3703828898a71a17c8f6de5e49ed03458a5ae8e,NostalgiaForInfinityX.py,sell_stoploss: rework.,update semantic_roi.py
cbc431f0e9467fef971e4d7afa2171ca223cbe0c,NostalgiaForInfinityX.py,sell_stoploss: add sell_stoploss_doom.  For situations with strongly negative sentiment and downtrend.,update nostalgia_for_infinityx.py
52b81aa65f4018989ef0b11ec109c4ec1f2e8193,NostalgiaForInfinityX.py,sell_stoploss: rework.,update minimal_roi.py
ec5e00fab150b2caaf2c0fd4bed08787c714cbb9,NostalgiaForInfinityX.py,sell_stoploss: rework.,update nostalgiaforinfinityx.py
1f663d8bdc0143af01ea73577131c1cfe60ef852,NostalgiaForInfinityX.py,sell_stoploss: rework.,update minimal_roi.py
a5b0dc6fd5458aa45f172b2114cd8b06adc861dd,NostalgiaForInfinityX.py,sell_stoploss: rework.,update minimal_roi.py
67b23d7f4fc0b948ab149870f97092c0e7561258,NostalgiaForInfinityX.py,sell_stoploss: rework.,update nodalgiaforinfinityx.py
b41dc821b8484e51352911d69f082c7662d84773,NostalgiaForInfinityX.py,sell_stoploss: rework.,update minimal_roi.py
cdad3a3c968bfd817e41a461f644bbaebdb830db,NostalgiaForInfinityX.py,sell_stoploss: rework.,update minimal_roi.py
7756638a956693eef6e2cdcdc9775d44bbd2c859,NostalgiaForInfinityX.py,Profit maximizer: turn on for the stoplosses.,fix profit maximizer
56011f23b589dd165db30afbc02c8074113a70ac,NostalgiaForInfinityX.py,Profit maximizer: trailing 0.5% for the stoplosses.,improve profit maximizer
cdd45cf8674e3a83b1fccd4e2ba77b4017efef59,NostalgiaForInfinityX.py,Profit maximizer: unique filename per exchange and stake currency.,update minimal_roi.py
bc064a25f914a8ff96e11eb21ffef77eaf43cb4a,NostalgiaForInfinityX.py,sell_stoploss: code cleaning.,update nostalgiaforinfinityx.py
e80e6f24ef7e6d028db6843414d6b6f778538896,NostalgiaForInfinityX.py,sell_stoploss: add an absolute lower hard limit.,add absolute limit to minimal_roi table
db47cbf7914b12cba0cdbfe196f15c0fe256a36e,NostalgiaForInfinityX.py,sell_stoploss: rework.,update minimal_roi.py
2a5f9778a9b87bda94bab5d244bfcd43cb764518,NostalgiaForInfinityX.py,sell_stoploss: rework.,update minimal_roi.py
9678dbe44bbd44990fafc2fdc8636ee2df5971ff,NostalgiaForInfinityX.py,sell_stoploss: rework.,update nostalgiaforinfinityx.py
5488e0f61d78ae894f9dcbfffd929c9fd6c5fa21,NostalgiaForInfinityX.py,sell_stoploss: rework.,update minimal_roi.py
0980aacb16352997a05d0e4b2dc1d93bf3259c8d,NostalgiaForInfinityX.py,sell_stoploss: rework.,update minimal_roi.py
1d9cff272089d7fb77bc9e9ca31991e6684b4482,NostalgiaForInfinityX.py,sell_stoploss: rework.,update minimal_roi.py
c9b81fff9eec8d6ff4fc8f918b65bec3ca767a9c,NostalgiaForInfinityX.py,sell_stoploss: rework.,update minimal_roi.py
6ea5eeb930fccc508542ec96091ee754b5945579,NostalgiaForInfinityX.py,sell_stoploss: rework.,update minimal_roi.py
699a79c0978d6fa7f22a65a509fa4864f6529129,NostalgiaForInfinityX.py,sell_stoploss: rework.,update minimal_roi.py
d223e828e01b41a6d94286f3af048911ba1e1002,NostalgiaForInfinityX.py,sell_stoploss: rework.,update minimal_roi.py
3cd693d64663465e32c4ce38d1e4870a526b1824,NostalgiaForInfinityX.py,sell_stoploss: rework.,update minimal_roi.py
1803e73cff8f017ee30703843b00f1cd0b928c28,NostalgiaForInfinityX.py,sell_stoploss: rework.,update minimal_roi.py
c74db6ce6e4f00797afd7342482d727a9a514c13,NostalgiaForInfinityX.py,sell_stoploss: rework.,update minimal_roi.py
ca9e509834883a8059fd4c5351bdd9c28ac65e2d,NostalgiaForInfinityX.py,sell_stoploss: rework.,update nodalgiaforinfinityx.py
34bde5bed8b6e2a504967da2d06b65ba1b9a12b2,NostalgiaForInfinityX.py,sell_stoploss: rework.,update minimal_roi.py
56a3c2be42d9863b90a1cf0f5ce0c2482ccd0361,NostalgiaForInfinityX.py,sell_stoploss: rework.,update roistrategy.py
fe48c2affff053fe74c4ebef2502a158736e0468,NostalgiaForInfinityX.py,sell_stoploss: rework.,update minimal_roi.py
9850748d4eaadd903709d0d5d5fa13409661b8b7,NostalgiaForInfinityX.py,sell_stoploss: rework.,update semantic_stoploss.py
ecf6b2f44905e9d19c504272efa1ed6023584f14,NostalgiaForInfinityX.py,sell_stoploss: rework.,update minimal_roi.py
8c5547c9b263cf0f64bf8d519fd9532470591ed4,NostalgiaForInfinityX.py,Maximizer filename: fix if bot_name not set.,update minimal_roi.py
7ecb3c5ca5b2b0c8a627bd9288569f0c5f7ae5ff,NostalgiaForInfinityX.py,sell_stoploss: rework.,update minimal_roi.py
8e8f1f448e5bcd8aacc8f8402ec9c0d94dd772b6,NostalgiaForInfinityX.py,sell_stoploss: rework.,update minimal_roi.py
cfae9a913a9eef9e92a7976218ad2954e37a0bad,NostalgiaForInfinityX.py,sell_pump_stoploss: remove.,update sell_pump_stoploss.py
b90b46a26ea01f3b1fd490275df0bffb88d4d9bf,NostalgiaForInfinityX.py,Rebuys: mode 2: fix for low stakes.,fix nostalgiaforinfinityx
6e65b0c84c7dfb3e3863e7923fb80d7ee597af58,NostalgiaForInfinityX.py,sell_stoploss: rework.,update nostalgia_for_infinityx.py
399384c818ec4f75e4a5e218466b1c087ec7e6c5,NostalgiaForInfinityX.py,Maximizer: allow sell_stoploss_stop_2 to use maximizer.,enable profit maximizer for infinity x
91d076a4abfa9b3822d9cbb7904d3dbdb7e268a2,NostalgiaForInfinityX.py,sell_stoploss: rework.,update nodalgiaforinfinityx.py
cb2105a59c6b850334817a9c2b6586a3f657d9ce,NostalgiaForInfinityX.py,sell_stoploss: rework.,update nodalgiaforinfinityx.py
03305ba6374110457268db5ade1caaddc6f19f3c,NostalgiaForInfinityX.py,sell_stoploss: rework.,update nostalgiaforinfinityx.py
edb3246cb582b19ed5d93341283491805583458e,NostalgiaForInfinityX.py,sell_stoploss: rework.,update nodalgiaforinfinityx.py
73fa1267580c0540fa9cd0975384070871054e08,NostalgiaForInfinityX.py,sell_stoploss: rework.,update nodalgiaforinfinityx.py
662b5a20fc4348fbfc0984e6bd2046fbea3024e3,NostalgiaForInfinityX.py,sell_stoploss: rework.,update nodalgiaforinfinityx.py
f54c7a4a6a7d5f814ed5ed7195d6e705f2ca9483,NostalgiaForInfinityX.py,sell_stoploss: rework.,update nostalgiaforinfinityx.py
28687d23eb28e655006546f978a1dded5656c8f0,NostalgiaForInfinityX.py,sell_stoploss: rework.,update nodalgiaforinfinityx.py
46127c43052240b07281841a50a2c014b0f77ad0,NostalgiaForInfinityX.py,sell_stoploss: rework.,update nostalgiaforinfinityx.py
0c3c2a93828f4446ecebeefb33c08f3ad9fa2446,NostalgiaForInfinityX.py,sell_stoploss: rework.,update roistrategy.py
b174bc9e04fbf527ff3be77503ce6a711da32897,NostalgiaForInfinityX.py,sell_stoploss: rework.,update nostalgiaforinfinityx.py
76d48bb6417796c9f4e7353bff8a8771cda58c15,NostalgiaForInfinityX.py,sell_stoploss: rework.,update nodalgiaforinfinityx.py
58e46ad2fdc7e6458d4906c15a8fdaed3bd01927,NostalgiaForInfinityX.py,sell_stoploss: rework.,update nodalgiaforinfinityx.py
53007bc0c96415e3ff55938db609041fd62fbbef,NostalgiaForInfinityX.py,sell_stoploss: rework.,update nodalgiaforinfinityx.py
1ef2a2ada89c72f545d5a58fea6a9559298cc3c2,NostalgiaForInfinityX.py,sell_stoploss: rework.,update nodalgiaforinfinityx.py
7a62a8b1accb80a6eecc77a84ede05571d090066,NostalgiaForInfinityX.py,sell_stoploss: rework.,update nostalgiaforinfinityx.py
ed19a0d2051fecc3cb568fe93d018c64cf78934f,NostalgiaForInfinityX.py,sell_stoploss: rework.,update nostalgiaforinfinityx.py
d4c24a062bbd315aecc41599479348ec14b8baaa,NostalgiaForInfinityX.py,sell_profit_target: if sell_stoploss_stop_2 reach over a threshold stop exit.,update nodalgiaforinfinityx.py
1300973b2e64b7d99273704cfea1e4b65540d32d,NostalgiaForInfinityX.py,sell_stoploss: BTC stake to -16%.,update nostalgiaforinfinityx.py
e9f5078c1d4b36ac75c34417520b5c525542a95b,NostalgiaForInfinityX.py,sell_stoploss: normal stake to -16%.,update roistrategy.py
f26be7aad61035cc1c9b29b73ad9829a87a3bb96,NostalgiaForInfinityX.py,sell_stoploss: normal stake to -18%.,update roistrategy.py
003cf6bafc80df7e5b46c4ff0abe1ab3e22045a2,NostalgiaForInfinityX.py,sell_stoploss: normal stake to -16%.,update roistrategy.py
67ad90c550ce1c7c7a2dcdba36e72b48c440e0df,NostalgiaForInfinityX.py,sell_stoploss: BTC stake to -18%.,update nostalgiaforinfinityx.py
a73d262f660aba088850faecfd2ce3fe946f90d3,NostalgiaForInfinityX.py,sell_stoploss: rework.,update roistrategy.py
bed0147eb0a7ad9b158b19e86cfe6d87f8dd1d8d,NostalgiaForInfinityX.py,Add ema_200_pct_change_144 indicator.,update nodalgiaforinfinityx.py
06a111902cee868f2d38611f64e0ada009b053aa,NostalgiaForInfinityX.py,Add ema_200_pct_change_288 indicator.,update nodalgiaforinfinityx.py
eb0d172d1ad4abfc3aac9d372295066fb613866b,experimental\NostalgiaForInfinityX2.py,X2: exit_normal_bull_stoploss: rework.,add nostalgia for infinity x2
7979f98b73ed60f7cd4e0cfcff093195b4a7b3f9,NostalgiaForInfinityX.py,sell_stoploss: rework.,update nostalgiaforinfinityx.py
4a11753f595a844ec3737bd8e344590e849649de,NostalgiaForInfinityX.py,Fix plotting issue.,fix nostalgiaforinfinityx issue
97fdf06701aec788a6c96874231a80105ee9f607,NostalgiaForInfinityX.py,sell_stoploss: rework.,update nostalgiaforinfinityx.py
fa99ed7567453f3a00a6cf4209ca17d409125db2,NostalgiaForInfinityX.py,sell_stoploss: rework.,update nostalgiaforinfinityx.py
f5aa65494d4658b28ff4f97d9b9806e2c65702b4,NostalgiaForInfinityX.py,sell_stoploss: rework.,update nostalgiaforinfinityx.py
59284c818f0f1bf4a3c1e00f0e6e4e4f9c33c003,NostalgiaForInfinityX.py,sell_stoploss: rework.,update nostalgiaforinfinityx.py
ea6954a49a25cbecc7b6c90ed0c26710f2987d11,NostalgiaForInfinityX.py,Maximizer: remove stops from target update.,update nostalgiaforinfinityx.py
d1b8b9016313be64b20c3e257a41f52f3f468c8f,NostalgiaForInfinityX.py,sell_stoploss: rework.,update nostalgiaforinfinityx.py
4079de7184ce1828d9122ea7e6ede6d6aad5a359,NostalgiaForInfinityX.py,Add configurable stop thresholds.,update nostalgiaforinfinityx.py
243bcd4d1d6f6bcb7d85fb2f07188d1c270fa19b,NostalgiaForInfinityX.py,Fine tune the stop thresholds.,update nostalgiaforinfinityx.py
d34cb16c39365179f596461f99fba970d30ab578,experimental\NostalgiaForInfinityX2.py,X2: exit_normal_bull_stoploss: rework.,infinity x2
b95d1344a0e152e65e64747af04f7c69de8e8bb7,experimental\NostalgiaForInfinityX2.py,X2: exit_normal_bull_stoploss: rework.,infinity x2
06ade8fcd22a8c759041c04e67e0408bd5cd62bf,experimental\NostalgiaForInfinityX2.py,X2: exit_normal_bear_stoploss: rework.,fix typo in nodalgiaforinfinity
2270f567923631b49471d9739458955b5f78f2c6,experimental\NostalgiaForInfinityX2.py,X2: exit_normal_bear_stoploss: rework.,improve error message in infinity x2
c98d26a6312969397cf58a897747ea9d863f29b0,experimental\NostalgiaForInfinityX2.py,X2: exit_normal_bull_stoploss: rework.,infinity x2
2e8b9b43bff0706e811e8ad23379a72fad6a4fa4,experimental\NostalgiaForInfinityX2.py,X2: exit_normal_bull_stoploss: rework.,infinity x2
455fa79050ae21ab9380e2c4bf1dafde3c53d9ed,experimental\NostalgiaForInfinityX2.py,X2: exit_normal_bear_stoploss: rework.,improve error message in infinity x2
df1f93953ec61ba4101fbdddbd4bf6ec6aedeb66,experimental\NostalgiaForInfinityX2.py,X2: add configurable stop thresholds.,update nostalgiaforinfinity.py
2da51ec1206c13ba0d9277ba84d8b125dbfdacbe,NostalgiaForInfinityX.py,Changing the comparison of checking a singleton value,update nostalgia_for_infinity.py
12551f483f110d95cec03287537c437c781d78f6,NostalgiaForInfinityX.py,"Changing calculations in the adjust_trade_position function for ""use_mode"" == 3. Changing calculations in the custom_stake_amount function for 0 <= use_mode <= 5.",update nodalgiaforinfinityx.py
5c3579dc7898ea7781b03eacfacded4e2a3557be,NostalgiaForInfinityX.py,Fine tune the stop thresholds.,update nostalgiaforinfinityx.py
076f0ef4d6283b0fb9ad58aab1f83deaa0ac092d,NostalgiaForInfinityX.py,"Canceling changes to the comparison of singleton values, more tests are needed. Using math.ceil as suggested by @nkmakes",update nostalgia_for_infinity.py
a612dc1aa2586aaf321478858625f5873c094991,NostalgiaForInfinityX2.py,X2: fine tune the stop thresholds.,update nostalgiaforinfinity.py
027210b9dcbacadfde92847c87317f6c26239469,NostalgiaForInfinityX2.py,X2: fine tune the stop thresholds.,update nostalgiaforinfinity.py
8b4fdb348de2d594e1aee2986ede8d4de27f6c8e,NostalgiaForInfinityX2.py,X2: stops rework.,update minimal_roi.py
15a023ad7eb5dbb751755471b9f2a4b25620616f,NostalgiaForInfinityX2.py,X2: stops rework.,update minimal_roi.py
b53906c5ad16f6c994ab65317342033b5e236b5c,NostalgiaForInfinityX2.py,X2: stops rework.,update nostalgiaforinfinity.py
a558904d6085e951eee941a91af562110576a268,NostalgiaForInfinityX2.py,X2: stops rework.,update nostalgiaforinfinity.py
3a491bd3f9a4ea246f2ccef2a93b9adadf863819,NostalgiaForInfinityX2.py,X2: exit_normal_bull_stoploss: rework.,update exit_normal_bull_stoploss.py
562f4084ed5af6a8a2713f14b2f0c78ca43dbe3e,NostalgiaForInfinityX2.py,X2: exit_normal_bull_stoploss: rework.,infinity x2
c1e081fd793d0cb5f6554f3ac71cead2e2d98cf6,NostalgiaForInfinityX2.py,X2: exit_normal_bear_stoploss: rework.,update exit_pump_bear_stoploss.py
888ec81979585261d0ed3c5d74ed7b9fa4cad677,NostalgiaForInfinityX2.py,X2: fine tune the normal stops.,update nostalgiaforinfinity.py
d1071187ae2f6c57fe9dd4dc1ed00ac7fb0e3515,NostalgiaForInfinityX2.py,X2: exit_quick_bull_stoploss: rework.,update exit_quick_bull_stoploss.py
49129f7e0acfd6346e597ed482dc74e3337c2a2b,NostalgiaForInfinityX2.py,X2: exit_quick_bear_stoploss: rework.,update stop_thresholds_quick.py
33b5da32cc1d79cd7dd684b085895e879e2303b9,NostalgiaForInfinityX2.py,X2: fine tune the quick mode stops.,update nostalgiaforinfinity.py
e87f9330ad5bf2f178cc40bff4ede09c13124a66,NostalgiaForInfinityX2.py,X2: exit_pump_bull_stoploss: rework.,update exit_pump_bull_stoploss.py
f063da6ea5460d369e1c9e312791ac4a56a0a529,NostalgiaForInfinityX2.py,X2: fine tune the pump mode stops.,update nostalgia for infinity x2
e0fa07254703113c8820ba413130a6aa49f5b1af,NostalgiaForInfinityX2.py,X2: exit_normal_bear_stoploss: rework.,update minimal_roi.py
ad8ab814b1a7580cb46d3f345567005ed8417b7f,NostalgiaForInfinityX.py,Fine tune the stop thresholds.,update nostalgiaforinfinityx.py
5443573aa58e1db36ee39d9fd58d9bca012d197c,NostalgiaForInfinityX2.py,X2: add stop thresholds for rebuy mode bull and bear.,update stop thresholds for infinity x2
51118631961146d8363a8a1e31d96c3e18ea9ccd,NostalgiaForInfinityX2.py,X2: add config options for rebuy mode stop settings.,update minimal_roi.py
88d9cb0303396b9f46e21dc2d49b0adab374d9f9,NostalgiaForInfinityX2.py,X2: add long mode stop settings.,update nostalgiaforinfinity.py
73da8e9937f3ed1d0f7c92791b7ae0e2f93ecfcb,NostalgiaForInfinityX2.py,X2: fine tune the stop settings.,update nostalgiaforinfinity.py
ecedd99a8f4561d0c96fa330a956690100460846,NostalgiaForInfinityX2.py,X2: fine tune the stop settings.,update nostalgiaforinfinity.py
f08791ffa63e0fc3fc29affe84e7b98e761eeff6,NostalgiaForInfinityX2.py,fix: enter_tages UnboundLocalError,fix nostalgiaforinfix2
19adca67ee943b0014b1e14d97e7aeb1fd54649e,NostalgiaForInfinityX2.py,X2: fine tune stop settings.,update nostalgiaforinfinity.py
6953946e9d0ab790d86a857f3424bc361cebc59e,NostalgiaForInfinityX2.py,X2: add exception for OKX startup candle data number.,update nostalgiaforinfinityx2
55a2955f0e4cb1d7449839c74545ac4b3d4274b2,NostalgiaForInfinityX2.py,X2: add exception for Kraken startup candle data number.,update nostalgiaforinfinity x2 strategy
f95a171f1ae565a935e436289f47d82d85fd1c45,NostalgiaForInfinityX2.py,X2: fix ident.,fix profit handling in infinity x2
46101fcdb649f5e0ecec07e87f88400f6f38bf03,NostalgiaForInfinityX2.py,X2: grinding sells: change order amount -> filled.,update nomostalgiaforinfinity x2 strategy
c7ffac45cdd5cb3b69bf463a90206c14431950a6,NostalgiaForInfinityX2.py,X2: fix hold functionality if there are partial exits.,update minimal_roi.py
e386aea8987541974444533ef9a48f085f30b575,NostalgiaForInfinityX2.py,X2: fix if there is profit only set to true and partial exits.,update minimal_roi.py
4f770ed680f3091892d2f7237005cf4051948e24,NostalgiaForInfinityX2.py,X2: grinding: fix sell check.,update minimal_roi.py
409264653d8e2845fa3b7e11c7068f474f616baa,NostalgiaForInfinityX2.py,X2: grinding: fix sell check.,update minimal_roi.py
a2c6d549a64590a98ecb295f7a6e009152cbfd8a,NostalgiaForInfinityX2.py,X2: grinding: fix sell check.,update minimal_roi.py
6db3990571cd876d6c6bb3adbc33a6efd427c446,NostalgiaForInfinityX2.py,X2: grinding: fix msg string typo.,update roi table for infinity x2
003fad0b33b94a71ab3f4cbc0472d2255e8ce4fd,NostalgiaForInfinityX2.py,"X2: grinding: if low stake, change only for the current trade.",update nomostalgiaforinfinity.py
03042c467970d197ff363055d8809494fc4a13b1,NostalgiaForInfinityX2.py,"X2: stops: use doom, relative to the trade open rate.",update nostalgiaforinfinity.py
0512e9178abd50bee543e019d23130dfc8238a46,NostalgiaForInfinityX2.py,X2: grinding: fix sell remaining grind if partial fill on sell before.,update minimal_roi.py
ec517883abc4f8ce308280895bace236107c7abd,NostalgiaForInfinityX2.py,"X2: stops: use u_e, relative to the trade open rate.",update nostalgiaforinfinity.py
d57367e8dab6414712bd7c056dfc49f7e8c901af,NostalgiaForInfinityX2.py,X2: grinding: fix BTC checks.,fix nostalgia for infinity x2
a4f7ccd7efa98f39091813ff76f0cd881f04caa0,NostalgiaForInfinityX2.py,X2: rebuy_adjust_trade_position: fix BTC check.,update rebuy_adjust_trade_position in x2
efd2fad5b423c411896684ea9d2564fb61932d34,NostalgiaForInfinityX2.py,X2: change startup candles to 199 for bybit.,change startup candles to 199 for bybit
bb5c6004885681cfc6963d4bd30ed46b2a48c63a,NostalgiaForInfinityX2.py,X2: disable the FT stoploss (X2 use different stops).,update minimal_roi.py
9016b2dfd004dcd33e0ad46149a15b2848b3d8d7,NostalgiaForInfinityX2.py,X2: grinding: fix for partial fix on exits.,fix nostalgiaforinfinity x2
18acc0be9f968e2419174d25237980a732c1e529,NostalgiaForInfinityX2.py,X2: maximizer: fine tune thet railing for stops.,update minimal_roi.py
bef24aa15c72fd2955f9fc540b97fb0f78a93293,experimental\NostalgiaForInfinityX3.py,X3: fix bot_loop_start() call.,update minimal_roi.py
99c0d78d5fb3c153a29112ffed4aeff4e5ce0933,experimental\NostalgiaForInfinityX3.py,X3: fine tune stops.,infinity x3
d6fefe2bfd3091fc14126fb128a1ad3a024287cf,experimental\NostalgiaForInfinityX3.py,X3: stop is config option now.,update nostalgiaforinfinity.py
ef49f5764ef9edf37137b1490679f12dbd4c3489,experimental\NostalgiaForInfinityX3.py,X3: enable stops for init and grinds. Use full slot stake.,update nostalgia for infinity x3
cf527700feb01cdfe3b228514868f58fab29074f,experimental\NostalgiaForInfinityX3.py,"X3: grinding: stop init buy, check for min stake.",update roi table for infinity x3
145d6a4ca560077aff4f85262d741dfc49fb46d3,experimental\NostalgiaForInfinityX3.py,X3: grinding: sell 1% less on stop grinds.,update nostalgiaforinfinity.py
1ac646525d4c6e09f2554169d8b6e7e1fcf55790,experimental\NostalgiaForInfinityX3.py,X3: fine tune stops.,infinity x3
8124655311c11f93c55368585f68cb3fdffe4c21,experimental\NostalgiaForInfinityX3.py,X3: grinding: sell 0.1% instead of 1% less on stop grinds.,update nomostalgiaforinfinity.py
8a3194ba4a76a885989caf03906e76c8151bfa36,experimental\NostalgiaForInfinityX3.py,X3: grinding: add variables for stop thresholds.,update nostalgiaforinfinity.py
284edf80c62a2d1833f0ce256472db693085289d,experimental\NostalgiaForInfinityX3.py,X3: grinding: grind only after stop init.,update nodalgiaforinfinity.py
a98a851ddd24598f38fee6080b5fe1e104d33e0e,experimental\NostalgiaForInfinityX3.py,X3: grinding: stops to -8%.,update nomostalgiaforinfinity.py
76365dade594791d481307632ca9f2b5c3a95733,experimental\NostalgiaForInfinityX3.py,X3: grinding: use current stake profit for stop init.,infinity x3
cb78030043217cc271f50f12a599d1d6dcf4863f,experimental\NostalgiaForInfinityX3.py,X3: grinding: allow grind stops for old trades but new grinds.,add nostalgia for infinity x3
7fa863a9a4cd98b0fd1edcffb83747581b0b0865,NostalgiaForInfinityX3.py,X3: fix for earlier than Python 3.9 compatibility.,update nostalgia_for_infinity.py
a42b72a8e8a04f90c36d2417f0e3fc11e5c5cd43,NostalgiaForInfinityX3.py,X3: fine tune stops.,update minimal_roi.py
b4227577cfc006b12d7453ede61a7eebd8da4541,NostalgiaForInfinityX3.py,X3: grinding: stop & profit thresholds config options.,update nodalgiaforinfinity.py
7fb98992755a37081586ee88c26ced3163fc6bc7,NostalgiaForInfinityX3.py,X3: grinding: fine tune the stops.,update minimal_roi.py
40963898d8a4e9277511ff0ca05d4bc805859134,NostalgiaForInfinityX3.py,X3: grinding: fine tune the grind stops.,update nodalgiaforinfinity.py
904f28c7de05cef2503cab25bf6dcff6d54af024,NostalgiaForInfinityX3.py,X3: grinding: sell the remaining after grind init stop partial.,update nomostalgiaforinfinity.py
a9249dbf1172140a850b1cf2921c5e821b4b4d31,NostalgiaForInfinityX3.py,X3: grinding: sell remaining on partial init stop: check if it was normal exit.,update nostalgiaforinfinity x3
10a168d19c71445c77b86a8f272e52690c3210c1,NostalgiaForInfinityX3.py,X3: grinding: fine tune the stop thresholds.,infinity x3 grinding
355bed6f5418a0c339cb0717b6a9f333f1d5b5b4,.github\workflows\scripts\comment-ci-results.py,"Some fixups and improvements  new file:   .github/workflows/scripts/download-necessary-exchange-market-data-for-backtests.sh Added data downloader from DigiTuccar HistoricalDataForTradeBacktest repo https://github.com/DigiTuccar/HistoricalDataForTradeBacktest.git  modified:   .github/workflows/tests.yml Added new time periods and selective trading mode (futures and spot)  modified:   .gitignore added /user_data please check for your own configurations if necessary  deleted:    .gitmodules not needed  modified:   .pre-commit-config.yaml updated versions  modified:   README.md updated data downloading instructions  modified:   configs/exampleconfig-rebuy.json     ""position_adjustment_enable"": true, added  modified:   docker-compose.yml   Added      - ""./user_data/data:/testing/user_data/data"" for gitlab testing  modified:   docker/Dockerfile.custom   Added git-lfs support for testing in gitlab-ci  modified:   tests/backtests/helpers.py modified:   tests/backtests/test_winrate_and_drawdown.py modified:   tests/ci-requirements.txt modified:   tests/requirements.txt modified:   .github/workflows/scripts/comment-ci-results.py  modified:   tests/unit/conftest.py   Added NFIX3 for testing  new file:   tools/download-necessary-exchange-market-data-for-backtests.sh  modified:   user_data/strategies/NostalgiaForInfinityNext.py modified:   user_data/strategies/NostalgiaForInfinityNextGen.py   Updated file links to legacy",add nfix2 and nfix3 to comment
355bed6f5418a0c339cb0717b6a9f333f1d5b5b4,.github\workflows\scripts\download-necessary-exchange-market-data-for-backtests.sh,"Some fixups and improvements  new file:   .github/workflows/scripts/download-necessary-exchange-market-data-for-backtests.sh Added data downloader from DigiTuccar HistoricalDataForTradeBacktest repo https://github.com/DigiTuccar/HistoricalDataForTradeBacktest.git  modified:   .github/workflows/tests.yml Added new time periods and selective trading mode (futures and spot)  modified:   .gitignore added /user_data please check for your own configurations if necessary  deleted:    .gitmodules not needed  modified:   .pre-commit-config.yaml updated versions  modified:   README.md updated data downloading instructions  modified:   configs/exampleconfig-rebuy.json     ""position_adjustment_enable"": true, added  modified:   docker-compose.yml   Added      - ""./user_data/data:/testing/user_data/data"" for gitlab testing  modified:   docker/Dockerfile.custom   Added git-lfs support for testing in gitlab-ci  modified:   tests/backtests/helpers.py modified:   tests/backtests/test_winrate_and_drawdown.py modified:   tests/ci-requirements.txt modified:   tests/requirements.txt modified:   .github/workflows/scripts/comment-ci-results.py  modified:   tests/unit/conftest.py   Added NFIX3 for testing  new file:   tools/download-necessary-exchange-market-data-for-backtests.sh  modified:   user_data/strategies/NostalgiaForInfinityNext.py modified:   user_data/strategies/NostalgiaForInfinityNextGen.py   Updated file links to legacy",add nfix3 to help text
355bed6f5418a0c339cb0717b6a9f333f1d5b5b4,.github\workflows\tests.yml,"Some fixups and improvements  new file:   .github/workflows/scripts/download-necessary-exchange-market-data-for-backtests.sh Added data downloader from DigiTuccar HistoricalDataForTradeBacktest repo https://github.com/DigiTuccar/HistoricalDataForTradeBacktest.git  modified:   .github/workflows/tests.yml Added new time periods and selective trading mode (futures and spot)  modified:   .gitignore added /user_data please check for your own configurations if necessary  deleted:    .gitmodules not needed  modified:   .pre-commit-config.yaml updated versions  modified:   README.md updated data downloading instructions  modified:   configs/exampleconfig-rebuy.json     ""position_adjustment_enable"": true, added  modified:   docker-compose.yml   Added      - ""./user_data/data:/testing/user_data/data"" for gitlab testing  modified:   docker/Dockerfile.custom   Added git-lfs support for testing in gitlab-ci  modified:   tests/backtests/helpers.py modified:   tests/backtests/test_winrate_and_drawdown.py modified:   tests/ci-requirements.txt modified:   tests/requirements.txt modified:   .github/workflows/scripts/comment-ci-results.py  modified:   tests/unit/conftest.py   Added NFIX3 for testing  new file:   tools/download-necessary-exchange-market-data-for-backtests.sh  modified:   user_data/strategies/NostalgiaForInfinityNext.py modified:   user_data/strategies/NostalgiaForInfinityNextGen.py   Updated file links to legacy",add nfix2 and nfix3 to docs
355bed6f5418a0c339cb0717b6a9f333f1d5b5b4,.gitignore,"Some fixups and improvements  new file:   .github/workflows/scripts/download-necessary-exchange-market-data-for-backtests.sh Added data downloader from DigiTuccar HistoricalDataForTradeBacktest repo https://github.com/DigiTuccar/HistoricalDataForTradeBacktest.git  modified:   .github/workflows/tests.yml Added new time periods and selective trading mode (futures and spot)  modified:   .gitignore added /user_data please check for your own configurations if necessary  deleted:    .gitmodules not needed  modified:   .pre-commit-config.yaml updated versions  modified:   README.md updated data downloading instructions  modified:   configs/exampleconfig-rebuy.json     ""position_adjustment_enable"": true, added  modified:   docker-compose.yml   Added      - ""./user_data/data:/testing/user_data/data"" for gitlab testing  modified:   docker/Dockerfile.custom   Added git-lfs support for testing in gitlab-ci  modified:   tests/backtests/helpers.py modified:   tests/backtests/test_winrate_and_drawdown.py modified:   tests/ci-requirements.txt modified:   tests/requirements.txt modified:   .github/workflows/scripts/comment-ci-results.py  modified:   tests/unit/conftest.py   Added NFIX3 for testing  new file:   tools/download-necessary-exchange-market-data-for-backtests.sh  modified:   user_data/strategies/NostalgiaForInfinityNext.py modified:   user_data/strategies/NostalgiaForInfinityNextGen.py   Updated file links to legacy",add nfix3 and nfix3new files
355bed6f5418a0c339cb0717b6a9f333f1d5b5b4,.gitmodules,"Some fixups and improvements  new file:   .github/workflows/scripts/download-necessary-exchange-market-data-for-backtests.sh Added data downloader from DigiTuccar HistoricalDataForTradeBacktest repo https://github.com/DigiTuccar/HistoricalDataForTradeBacktest.git  modified:   .github/workflows/tests.yml Added new time periods and selective trading mode (futures and spot)  modified:   .gitignore added /user_data please check for your own configurations if necessary  deleted:    .gitmodules not needed  modified:   .pre-commit-config.yaml updated versions  modified:   README.md updated data downloading instructions  modified:   configs/exampleconfig-rebuy.json     ""position_adjustment_enable"": true, added  modified:   docker-compose.yml   Added      - ""./user_data/data:/testing/user_data/data"" for gitlab testing  modified:   docker/Dockerfile.custom   Added git-lfs support for testing in gitlab-ci  modified:   tests/backtests/helpers.py modified:   tests/backtests/test_winrate_and_drawdown.py modified:   tests/ci-requirements.txt modified:   tests/requirements.txt modified:   .github/workflows/scripts/comment-ci-results.py  modified:   tests/unit/conftest.py   Added NFIX3 for testing  new file:   tools/download-necessary-exchange-market-data-for-backtests.sh  modified:   user_data/strategies/NostalgiaForInfinityNext.py modified:   user_data/strategies/NostalgiaForInfinityNextGen.py   Updated file links to legacy",add links to nostalgiaforinfinitynext
355bed6f5418a0c339cb0717b6a9f333f1d5b5b4,.pre-commit-config.yaml,"Some fixups and improvements  new file:   .github/workflows/scripts/download-necessary-exchange-market-data-for-backtests.sh Added data downloader from DigiTuccar HistoricalDataForTradeBacktest repo https://github.com/DigiTuccar/HistoricalDataForTradeBacktest.git  modified:   .github/workflows/tests.yml Added new time periods and selective trading mode (futures and spot)  modified:   .gitignore added /user_data please check for your own configurations if necessary  deleted:    .gitmodules not needed  modified:   .pre-commit-config.yaml updated versions  modified:   README.md updated data downloading instructions  modified:   configs/exampleconfig-rebuy.json     ""position_adjustment_enable"": true, added  modified:   docker-compose.yml   Added      - ""./user_data/data:/testing/user_data/data"" for gitlab testing  modified:   docker/Dockerfile.custom   Added git-lfs support for testing in gitlab-ci  modified:   tests/backtests/helpers.py modified:   tests/backtests/test_winrate_and_drawdown.py modified:   tests/ci-requirements.txt modified:   tests/requirements.txt modified:   .github/workflows/scripts/comment-ci-results.py  modified:   tests/unit/conftest.py   Added NFIX3 for testing  new file:   tools/download-necessary-exchange-market-data-for-backtests.sh  modified:   user_data/strategies/NostalgiaForInfinityNext.py modified:   user_data/strategies/NostalgiaForInfinityNextGen.py   Updated file links to legacy",add links to legacy diff
355bed6f5418a0c339cb0717b6a9f333f1d5b5b4,README.md,"Some fixups and improvements  new file:   .github/workflows/scripts/download-necessary-exchange-market-data-for-backtests.sh Added data downloader from DigiTuccar HistoricalDataForTradeBacktest repo https://github.com/DigiTuccar/HistoricalDataForTradeBacktest.git  modified:   .github/workflows/tests.yml Added new time periods and selective trading mode (futures and spot)  modified:   .gitignore added /user_data please check for your own configurations if necessary  deleted:    .gitmodules not needed  modified:   .pre-commit-config.yaml updated versions  modified:   README.md updated data downloading instructions  modified:   configs/exampleconfig-rebuy.json     ""position_adjustment_enable"": true, added  modified:   docker-compose.yml   Added      - ""./user_data/data:/testing/user_data/data"" for gitlab testing  modified:   docker/Dockerfile.custom   Added git-lfs support for testing in gitlab-ci  modified:   tests/backtests/helpers.py modified:   tests/backtests/test_winrate_and_drawdown.py modified:   tests/ci-requirements.txt modified:   tests/requirements.txt modified:   .github/workflows/scripts/comment-ci-results.py  modified:   tests/unit/conftest.py   Added NFIX3 for testing  new file:   tools/download-necessary-exchange-market-data-for-backtests.sh  modified:   user_data/strategies/NostalgiaForInfinityNext.py modified:   user_data/strategies/NostalgiaForInfinityNextGen.py   Updated file links to legacy",add description of nfix3 and nfix4
355bed6f5418a0c339cb0717b6a9f333f1d5b5b4,configs\exampleconfig-rebuy.json,"Some fixups and improvements  new file:   .github/workflows/scripts/download-necessary-exchange-market-data-for-backtests.sh Added data downloader from DigiTuccar HistoricalDataForTradeBacktest repo https://github.com/DigiTuccar/HistoricalDataForTradeBacktest.git  modified:   .github/workflows/tests.yml Added new time periods and selective trading mode (futures and spot)  modified:   .gitignore added /user_data please check for your own configurations if necessary  deleted:    .gitmodules not needed  modified:   .pre-commit-config.yaml updated versions  modified:   README.md updated data downloading instructions  modified:   configs/exampleconfig-rebuy.json     ""position_adjustment_enable"": true, added  modified:   docker-compose.yml   Added      - ""./user_data/data:/testing/user_data/data"" for gitlab testing  modified:   docker/Dockerfile.custom   Added git-lfs support for testing in gitlab-ci  modified:   tests/backtests/helpers.py modified:   tests/backtests/test_winrate_and_drawdown.py modified:   tests/ci-requirements.txt modified:   tests/requirements.txt modified:   .github/workflows/scripts/comment-ci-results.py  modified:   tests/unit/conftest.py   Added NFIX3 for testing  new file:   tools/download-necessary-exchange-market-data-for-backtests.sh  modified:   user_data/strategies/NostalgiaForInfinityNext.py modified:   user_data/strategies/NostalgiaForInfinityNextGen.py   Updated file links to legacy",add nfix example
355bed6f5418a0c339cb0717b6a9f333f1d5b5b4,configs\exampleconfig.json,"Some fixups and improvements  new file:   .github/workflows/scripts/download-necessary-exchange-market-data-for-backtests.sh Added data downloader from DigiTuccar HistoricalDataForTradeBacktest repo https://github.com/DigiTuccar/HistoricalDataForTradeBacktest.git  modified:   .github/workflows/tests.yml Added new time periods and selective trading mode (futures and spot)  modified:   .gitignore added /user_data please check for your own configurations if necessary  deleted:    .gitmodules not needed  modified:   .pre-commit-config.yaml updated versions  modified:   README.md updated data downloading instructions  modified:   configs/exampleconfig-rebuy.json     ""position_adjustment_enable"": true, added  modified:   docker-compose.yml   Added      - ""./user_data/data:/testing/user_data/data"" for gitlab testing  modified:   docker/Dockerfile.custom   Added git-lfs support for testing in gitlab-ci  modified:   tests/backtests/helpers.py modified:   tests/backtests/test_winrate_and_drawdown.py modified:   tests/ci-requirements.txt modified:   tests/requirements.txt modified:   .github/workflows/scripts/comment-ci-results.py  modified:   tests/unit/conftest.py   Added NFIX3 for testing  new file:   tools/download-necessary-exchange-market-data-for-backtests.sh  modified:   user_data/strategies/NostalgiaForInfinityNext.py modified:   user_data/strategies/NostalgiaForInfinityNextGen.py   Updated file links to legacy",add nfix example
355bed6f5418a0c339cb0717b6a9f333f1d5b5b4,docker-compose.yml,"Some fixups and improvements  new file:   .github/workflows/scripts/download-necessary-exchange-market-data-for-backtests.sh Added data downloader from DigiTuccar HistoricalDataForTradeBacktest repo https://github.com/DigiTuccar/HistoricalDataForTradeBacktest.git  modified:   .github/workflows/tests.yml Added new time periods and selective trading mode (futures and spot)  modified:   .gitignore added /user_data please check for your own configurations if necessary  deleted:    .gitmodules not needed  modified:   .pre-commit-config.yaml updated versions  modified:   README.md updated data downloading instructions  modified:   configs/exampleconfig-rebuy.json     ""position_adjustment_enable"": true, added  modified:   docker-compose.yml   Added      - ""./user_data/data:/testing/user_data/data"" for gitlab testing  modified:   docker/Dockerfile.custom   Added git-lfs support for testing in gitlab-ci  modified:   tests/backtests/helpers.py modified:   tests/backtests/test_winrate_and_drawdown.py modified:   tests/ci-requirements.txt modified:   tests/requirements.txt modified:   .github/workflows/scripts/comment-ci-results.py  modified:   tests/unit/conftest.py   Added NFIX3 for testing  new file:   tools/download-necessary-exchange-market-data-for-backtests.sh  modified:   user_data/strategies/NostalgiaForInfinityNext.py modified:   user_data/strategies/NostalgiaForInfinityNextGen.py   Updated file links to legacy",add nfix3 and nfix7
355bed6f5418a0c339cb0717b6a9f333f1d5b5b4,docker\Dockerfile.custom,"Some fixups and improvements  new file:   .github/workflows/scripts/download-necessary-exchange-market-data-for-backtests.sh Added data downloader from DigiTuccar HistoricalDataForTradeBacktest repo https://github.com/DigiTuccar/HistoricalDataForTradeBacktest.git  modified:   .github/workflows/tests.yml Added new time periods and selective trading mode (futures and spot)  modified:   .gitignore added /user_data please check for your own configurations if necessary  deleted:    .gitmodules not needed  modified:   .pre-commit-config.yaml updated versions  modified:   README.md updated data downloading instructions  modified:   configs/exampleconfig-rebuy.json     ""position_adjustment_enable"": true, added  modified:   docker-compose.yml   Added      - ""./user_data/data:/testing/user_data/data"" for gitlab testing  modified:   docker/Dockerfile.custom   Added git-lfs support for testing in gitlab-ci  modified:   tests/backtests/helpers.py modified:   tests/backtests/test_winrate_and_drawdown.py modified:   tests/ci-requirements.txt modified:   tests/requirements.txt modified:   .github/workflows/scripts/comment-ci-results.py  modified:   tests/unit/conftest.py   Added NFIX3 for testing  new file:   tools/download-necessary-exchange-market-data-for-backtests.sh  modified:   user_data/strategies/NostalgiaForInfinityNext.py modified:   user_data/strategies/NostalgiaForInfinityNextGen.py   Updated file links to legacy",add new links to old backup files
355bed6f5418a0c339cb0717b6a9f333f1d5b5b4,tests\backtests\helpers.py,"Some fixups and improvements  new file:   .github/workflows/scripts/download-necessary-exchange-market-data-for-backtests.sh Added data downloader from DigiTuccar HistoricalDataForTradeBacktest repo https://github.com/DigiTuccar/HistoricalDataForTradeBacktest.git  modified:   .github/workflows/tests.yml Added new time periods and selective trading mode (futures and spot)  modified:   .gitignore added /user_data please check for your own configurations if necessary  deleted:    .gitmodules not needed  modified:   .pre-commit-config.yaml updated versions  modified:   README.md updated data downloading instructions  modified:   configs/exampleconfig-rebuy.json     ""position_adjustment_enable"": true, added  modified:   docker-compose.yml   Added      - ""./user_data/data:/testing/user_data/data"" for gitlab testing  modified:   docker/Dockerfile.custom   Added git-lfs support for testing in gitlab-ci  modified:   tests/backtests/helpers.py modified:   tests/backtests/test_winrate_and_drawdown.py modified:   tests/ci-requirements.txt modified:   tests/requirements.txt modified:   .github/workflows/scripts/comment-ci-results.py  modified:   tests/unit/conftest.py   Added NFIX3 for testing  new file:   tools/download-necessary-exchange-market-data-for-backtests.sh  modified:   user_data/strategies/NostalgiaForInfinityNext.py modified:   user_data/strategies/NostalgiaForInfinityNextGen.py   Updated file links to legacy",update docstrings for new backtests
355bed6f5418a0c339cb0717b6a9f333f1d5b5b4,tests\backtests\test_winrate_and_drawdown.py,"Some fixups and improvements  new file:   .github/workflows/scripts/download-necessary-exchange-market-data-for-backtests.sh Added data downloader from DigiTuccar HistoricalDataForTradeBacktest repo https://github.com/DigiTuccar/HistoricalDataForTradeBacktest.git  modified:   .github/workflows/tests.yml Added new time periods and selective trading mode (futures and spot)  modified:   .gitignore added /user_data please check for your own configurations if necessary  deleted:    .gitmodules not needed  modified:   .pre-commit-config.yaml updated versions  modified:   README.md updated data downloading instructions  modified:   configs/exampleconfig-rebuy.json     ""position_adjustment_enable"": true, added  modified:   docker-compose.yml   Added      - ""./user_data/data:/testing/user_data/data"" for gitlab testing  modified:   docker/Dockerfile.custom   Added git-lfs support for testing in gitlab-ci  modified:   tests/backtests/helpers.py modified:   tests/backtests/test_winrate_and_drawdown.py modified:   tests/ci-requirements.txt modified:   tests/requirements.txt modified:   .github/workflows/scripts/comment-ci-results.py  modified:   tests/unit/conftest.py   Added NFIX3 for testing  new file:   tools/download-necessary-exchange-market-data-for-backtests.sh  modified:   user_data/strategies/NostalgiaForInfinityNext.py modified:   user_data/strategies/NostalgiaForInfinityNextGen.py   Updated file links to legacy",add winrate and drawdown tests
355bed6f5418a0c339cb0717b6a9f333f1d5b5b4,tests\ci-requirements.txt,"Some fixups and improvements  new file:   .github/workflows/scripts/download-necessary-exchange-market-data-for-backtests.sh Added data downloader from DigiTuccar HistoricalDataForTradeBacktest repo https://github.com/DigiTuccar/HistoricalDataForTradeBacktest.git  modified:   .github/workflows/tests.yml Added new time periods and selective trading mode (futures and spot)  modified:   .gitignore added /user_data please check for your own configurations if necessary  deleted:    .gitmodules not needed  modified:   .pre-commit-config.yaml updated versions  modified:   README.md updated data downloading instructions  modified:   configs/exampleconfig-rebuy.json     ""position_adjustment_enable"": true, added  modified:   docker-compose.yml   Added      - ""./user_data/data:/testing/user_data/data"" for gitlab testing  modified:   docker/Dockerfile.custom   Added git-lfs support for testing in gitlab-ci  modified:   tests/backtests/helpers.py modified:   tests/backtests/test_winrate_and_drawdown.py modified:   tests/ci-requirements.txt modified:   tests/requirements.txt modified:   .github/workflows/scripts/comment-ci-results.py  modified:   tests/unit/conftest.py   Added NFIX3 for testing  new file:   tools/download-necessary-exchange-market-data-for-backtests.sh  modified:   user_data/strategies/NostalgiaForInfinityNext.py modified:   user_data/strategies/NostalgiaForInfinityNextGen.py   Updated file links to legacy",add nfix2 and nfix3 to docs
355bed6f5418a0c339cb0717b6a9f333f1d5b5b4,tests\requirements.txt,"Some fixups and improvements  new file:   .github/workflows/scripts/download-necessary-exchange-market-data-for-backtests.sh Added data downloader from DigiTuccar HistoricalDataForTradeBacktest repo https://github.com/DigiTuccar/HistoricalDataForTradeBacktest.git  modified:   .github/workflows/tests.yml Added new time periods and selective trading mode (futures and spot)  modified:   .gitignore added /user_data please check for your own configurations if necessary  deleted:    .gitmodules not needed  modified:   .pre-commit-config.yaml updated versions  modified:   README.md updated data downloading instructions  modified:   configs/exampleconfig-rebuy.json     ""position_adjustment_enable"": true, added  modified:   docker-compose.yml   Added      - ""./user_data/data:/testing/user_data/data"" for gitlab testing  modified:   docker/Dockerfile.custom   Added git-lfs support for testing in gitlab-ci  modified:   tests/backtests/helpers.py modified:   tests/backtests/test_winrate_and_drawdown.py modified:   tests/ci-requirements.txt modified:   tests/requirements.txt modified:   .github/workflows/scripts/comment-ci-results.py  modified:   tests/unit/conftest.py   Added NFIX3 for testing  new file:   tools/download-necessary-exchange-market-data-for-backtests.sh  modified:   user_data/strategies/NostalgiaForInfinityNext.py modified:   user_data/strategies/NostalgiaForInfinityNextGen.py   Updated file links to legacy",add nfix2 and nfix3 to backtests
355bed6f5418a0c339cb0717b6a9f333f1d5b5b4,tests\unit\conftest.py,"Some fixups and improvements  new file:   .github/workflows/scripts/download-necessary-exchange-market-data-for-backtests.sh Added data downloader from DigiTuccar HistoricalDataForTradeBacktest repo https://github.com/DigiTuccar/HistoricalDataForTradeBacktest.git  modified:   .github/workflows/tests.yml Added new time periods and selective trading mode (futures and spot)  modified:   .gitignore added /user_data please check for your own configurations if necessary  deleted:    .gitmodules not needed  modified:   .pre-commit-config.yaml updated versions  modified:   README.md updated data downloading instructions  modified:   configs/exampleconfig-rebuy.json     ""position_adjustment_enable"": true, added  modified:   docker-compose.yml   Added      - ""./user_data/data:/testing/user_data/data"" for gitlab testing  modified:   docker/Dockerfile.custom   Added git-lfs support for testing in gitlab-ci  modified:   tests/backtests/helpers.py modified:   tests/backtests/test_winrate_and_drawdown.py modified:   tests/ci-requirements.txt modified:   tests/requirements.txt modified:   .github/workflows/scripts/comment-ci-results.py  modified:   tests/unit/conftest.py   Added NFIX3 for testing  new file:   tools/download-necessary-exchange-market-data-for-backtests.sh  modified:   user_data/strategies/NostalgiaForInfinityNext.py modified:   user_data/strategies/NostalgiaForInfinityNextGen.py   Updated file links to legacy",add nfix to testdatadir
355bed6f5418a0c339cb0717b6a9f333f1d5b5b4,tools\download-necessary-exchange-market-data-for-backtests.sh,"Some fixups and improvements  new file:   .github/workflows/scripts/download-necessary-exchange-market-data-for-backtests.sh Added data downloader from DigiTuccar HistoricalDataForTradeBacktest repo https://github.com/DigiTuccar/HistoricalDataForTradeBacktest.git  modified:   .github/workflows/tests.yml Added new time periods and selective trading mode (futures and spot)  modified:   .gitignore added /user_data please check for your own configurations if necessary  deleted:    .gitmodules not needed  modified:   .pre-commit-config.yaml updated versions  modified:   README.md updated data downloading instructions  modified:   configs/exampleconfig-rebuy.json     ""position_adjustment_enable"": true, added  modified:   docker-compose.yml   Added      - ""./user_data/data:/testing/user_data/data"" for gitlab testing  modified:   docker/Dockerfile.custom   Added git-lfs support for testing in gitlab-ci  modified:   tests/backtests/helpers.py modified:   tests/backtests/test_winrate_and_drawdown.py modified:   tests/ci-requirements.txt modified:   tests/requirements.txt modified:   .github/workflows/scripts/comment-ci-results.py  modified:   tests/unit/conftest.py   Added NFIX3 for testing  new file:   tools/download-necessary-exchange-market-data-for-backtests.sh  modified:   user_data/strategies/NostalgiaForInfinityNext.py modified:   user_data/strategies/NostalgiaForInfinityNextGen.py   Updated file links to legacy",add missing links
355bed6f5418a0c339cb0717b6a9f333f1d5b5b4,user_data\strategies\NostalgiaForInfinityNext.py,"Some fixups and improvements  new file:   .github/workflows/scripts/download-necessary-exchange-market-data-for-backtests.sh Added data downloader from DigiTuccar HistoricalDataForTradeBacktest repo https://github.com/DigiTuccar/HistoricalDataForTradeBacktest.git  modified:   .github/workflows/tests.yml Added new time periods and selective trading mode (futures and spot)  modified:   .gitignore added /user_data please check for your own configurations if necessary  deleted:    .gitmodules not needed  modified:   .pre-commit-config.yaml updated versions  modified:   README.md updated data downloading instructions  modified:   configs/exampleconfig-rebuy.json     ""position_adjustment_enable"": true, added  modified:   docker-compose.yml   Added      - ""./user_data/data:/testing/user_data/data"" for gitlab testing  modified:   docker/Dockerfile.custom   Added git-lfs support for testing in gitlab-ci  modified:   tests/backtests/helpers.py modified:   tests/backtests/test_winrate_and_drawdown.py modified:   tests/ci-requirements.txt modified:   tests/requirements.txt modified:   .github/workflows/scripts/comment-ci-results.py  modified:   tests/unit/conftest.py   Added NFIX3 for testing  new file:   tools/download-necessary-exchange-market-data-for-backtests.sh  modified:   user_data/strategies/NostalgiaForInfinityNext.py modified:   user_data/strategies/NostalgiaForInfinityNextGen.py   Updated file links to legacy",add missing links to nostalgiaforinfinitynext
355bed6f5418a0c339cb0717b6a9f333f1d5b5b4,user_data\strategies\NostalgiaForInfinityNextGen.py,"Some fixups and improvements  new file:   .github/workflows/scripts/download-necessary-exchange-market-data-for-backtests.sh Added data downloader from DigiTuccar HistoricalDataForTradeBacktest repo https://github.com/DigiTuccar/HistoricalDataForTradeBacktest.git  modified:   .github/workflows/tests.yml Added new time periods and selective trading mode (futures and spot)  modified:   .gitignore added /user_data please check for your own configurations if necessary  deleted:    .gitmodules not needed  modified:   .pre-commit-config.yaml updated versions  modified:   README.md updated data downloading instructions  modified:   configs/exampleconfig-rebuy.json     ""position_adjustment_enable"": true, added  modified:   docker-compose.yml   Added      - ""./user_data/data:/testing/user_data/data"" for gitlab testing  modified:   docker/Dockerfile.custom   Added git-lfs support for testing in gitlab-ci  modified:   tests/backtests/helpers.py modified:   tests/backtests/test_winrate_and_drawdown.py modified:   tests/ci-requirements.txt modified:   tests/requirements.txt modified:   .github/workflows/scripts/comment-ci-results.py  modified:   tests/unit/conftest.py   Added NFIX3 for testing  new file:   tools/download-necessary-exchange-market-data-for-backtests.sh  modified:   user_data/strategies/NostalgiaForInfinityNext.py modified:   user_data/strategies/NostalgiaForInfinityNextGen.py   Updated file links to legacy",add nfix2 and nfix3 to docstrings
